attempt_key,promoted,headline,promotion_label,promotion_notes,promoted_at,run_jsonl_path,output_dir,run_manifest_path,task_id,run_index,domain,job,task_description,success_criteria,attachment_count,attachment_total_bytes,attachment_total_mb,largest_attachment_bytes,attachment_extensions,attachment_paths,prompt_char_count,prompt_word_count,criterion_count,primary_criteria_count,secondary_criteria_count,criteria_with_sources_count,criterion_types,status,business_pass,score_pct,model_id,generation_reasoning_effort,generation_verbosity,judge_model_id,judge_reasoning_effort,judge_verbosity,generation_mode,agent_budget,generation_steps_used,tools_used,generation_prompt_fingerprint,grading_prompt_fingerprint,setup_id,price_book_id_current,value_base_usd,hours_estimate,generation_input_tokens,generation_cached_input_tokens,generation_output_tokens,grading_input_tokens,grading_cached_input_tokens,grading_output_tokens,current_generation_cost_usd,current_grading_cost_usd,current_total_cost_usd,recorded_total_cost_usd,attempt_completed_at
/home/connor/projects/economic-evals/outputs/openai_daytona_legal_hard_3tasks_3x_xhigh_20260401/raw_runs.jsonl::13::1,False,False,,,,/home/connor/projects/economic-evals/outputs/openai_daytona_legal_hard_3tasks_3x_xhigh_20260401/raw_runs.jsonl,/home/connor/projects/economic-evals/outputs/openai_daytona_legal_hard_3tasks_3x_xhigh_20260401,/home/connor/projects/economic-evals/outputs/openai_daytona_legal_hard_3tasks_3x_xhigh_20260401/run_manifest.json,13,1,Legal,Junior Insurance Litigation Associate,"Prepare a Florida legal opinion on whether a client whose nearly new Tesla was damaged in a collision can recover diminished value. The work requires applying the attached Florida statutes and cases to the client's facts, including whether the claim is first-party or third-party and whether a likely total-loss scenario changes the analysis.","A strong memo cites the controlling Florida authorities, explains the elements and limits on diminished-value recovery, and applies them directly to the client's insurance posture and repair facts. It should also address the total-loss branch explicitly, including the relevant statutory treatment under Fla. Stat. § 626.9743(5).",5,5362828,5.114391,4217886,.pdf,documents/13/13_Airtechv.MacDonald.pdf;documents/13/13_FlaStat.319.30.pdf;documents/13/13_FlaStat.626.9743.pdf;documents/13/13_McHalev.FarmBureau.pdf;documents/13/13_Sieglev.Progressive.pdf,1901,321,10,10,0,10,Style;Extraction (recall);Reasoning,completed,False,80.0,gpt-5.4,xhigh,medium,gpt-5.4,medium,low,tool_assisted_daytona,"steps=24,tools=48",,list_files; read_file; find_in_files; write_file,33e6499c8179428baefa31f04f1899f07927b44cb835d2c235aa7e9bba025d11,904586ccc2fa588551a8b34a623ca76582f462aa96e85cba6e21d88a33f2012a,"tool_assisted_daytona|gpt-5.4|gen_reasoning=xhigh|judge=gpt-5.4|judge_reasoning=medium|gen_prompt=33e6499c8179|grade_prompt=904586ccc2fa|budget=steps=24,tools=48",openai_api_pricing_2026-03-30,525.0,3.5,447957,403584,33696,39294,0,2269,0.717268,0.13227,0.849538,0.849538,2026-04-01T18:20:55.887483+00:00
/home/connor/projects/economic-evals/outputs/openai_daytona_legal_hard_3tasks_3x_xhigh_20260401/raw_runs.jsonl::13::2,False,False,,,,/home/connor/projects/economic-evals/outputs/openai_daytona_legal_hard_3tasks_3x_xhigh_20260401/raw_runs.jsonl,/home/connor/projects/economic-evals/outputs/openai_daytona_legal_hard_3tasks_3x_xhigh_20260401,/home/connor/projects/economic-evals/outputs/openai_daytona_legal_hard_3tasks_3x_xhigh_20260401/run_manifest.json,13,2,Legal,Junior Insurance Litigation Associate,"Prepare a Florida legal opinion on whether a client whose nearly new Tesla was damaged in a collision can recover diminished value. The work requires applying the attached Florida statutes and cases to the client's facts, including whether the claim is first-party or third-party and whether a likely total-loss scenario changes the analysis.","A strong memo cites the controlling Florida authorities, explains the elements and limits on diminished-value recovery, and applies them directly to the client's insurance posture and repair facts. It should also address the total-loss branch explicitly, including the relevant statutory treatment under Fla. Stat. § 626.9743(5).",5,5362828,5.114391,4217886,.pdf,documents/13/13_Airtechv.MacDonald.pdf;documents/13/13_FlaStat.319.30.pdf;documents/13/13_FlaStat.626.9743.pdf;documents/13/13_McHalev.FarmBureau.pdf;documents/13/13_Sieglev.Progressive.pdf,1901,321,10,10,0,10,Style;Extraction (recall);Reasoning,completed,False,80.0,gpt-5.4,xhigh,medium,gpt-5.4,medium,low,tool_assisted_daytona,"steps=24,tools=48",,list_files; read_file; find_in_files; write_file,33e6499c8179428baefa31f04f1899f07927b44cb835d2c235aa7e9bba025d11,904586ccc2fa588551a8b34a623ca76582f462aa96e85cba6e21d88a33f2012a,"tool_assisted_daytona|gpt-5.4|gen_reasoning=xhigh|judge=gpt-5.4|judge_reasoning=medium|gen_prompt=33e6499c8179|grade_prompt=904586ccc2fa|budget=steps=24,tools=48",openai_api_pricing_2026-03-30,525.0,3.5,408834,366848,27881,37244,0,2373,0.614892,0.128705,0.743597,0.743597,2026-04-01T18:29:24.587411+00:00
/home/connor/projects/economic-evals/outputs/openai_daytona_legal_task13_1x/raw_runs.jsonl::13::1,False,False,,,,/home/connor/projects/economic-evals/outputs/openai_daytona_legal_task13_1x/raw_runs.jsonl,/home/connor/projects/economic-evals/outputs/openai_daytona_legal_task13_1x,/home/connor/projects/economic-evals/outputs/openai_daytona_legal_task13_1x/run_manifest.json,13,1,Legal,Junior Insurance Litigation Associate,"Prepare a Florida legal opinion on whether a client whose nearly new Tesla was damaged in a collision can recover diminished value. The work requires applying the attached Florida statutes and cases to the client's facts, including whether the claim is first-party or third-party and whether a likely total-loss scenario changes the analysis.","A strong memo cites the controlling Florida authorities, explains the elements and limits on diminished-value recovery, and applies them directly to the client's insurance posture and repair facts. It should also address the total-loss branch explicitly, including the relevant statutory treatment under Fla. Stat. § 626.9743(5).",5,5362828,5.114391,4217886,.pdf,documents/13/13_Airtechv.MacDonald.pdf;documents/13/13_FlaStat.319.30.pdf;documents/13/13_FlaStat.626.9743.pdf;documents/13/13_McHalev.FarmBureau.pdf;documents/13/13_Sieglev.Progressive.pdf,1901,321,10,10,0,10,Style;Extraction (recall);Reasoning,generation_failed,False,0.0,gpt-5.4,high,medium,gpt-5.4,,,tool_assisted_daytona,"steps=12,tools=24",,,,,"tool_assisted_daytona|gpt-5.4|gen_reasoning=high|judge=gpt-5.4|judge_reasoning=default|gen_prompt=unknown|grade_prompt=unknown|budget=steps=12,tools=24",openai_api_pricing_2026-03-30,525.0,3.5,0,0,0,0,0,0,0.0,0.0,0.0,0.0,2026-03-30T06:05:13.771043+00:00
/home/connor/projects/economic-evals/outputs/openai_daytona_legal_task13_1x_medium_rerun_20260329/raw_runs.jsonl::13::1,False,False,,,,/home/connor/projects/economic-evals/outputs/openai_daytona_legal_task13_1x_medium_rerun_20260329/raw_runs.jsonl,/home/connor/projects/economic-evals/outputs/openai_daytona_legal_task13_1x_medium_rerun_20260329,/home/connor/projects/economic-evals/outputs/openai_daytona_legal_task13_1x_medium_rerun_20260329/run_manifest.json,13,1,Legal,Junior Insurance Litigation Associate,"Prepare a Florida legal opinion on whether a client whose nearly new Tesla was damaged in a collision can recover diminished value. The work requires applying the attached Florida statutes and cases to the client's facts, including whether the claim is first-party or third-party and whether a likely total-loss scenario changes the analysis.","A strong memo cites the controlling Florida authorities, explains the elements and limits on diminished-value recovery, and applies them directly to the client's insurance posture and repair facts. It should also address the total-loss branch explicitly, including the relevant statutory treatment under Fla. Stat. § 626.9743(5).",5,5362828,5.114391,4217886,.pdf,documents/13/13_Airtechv.MacDonald.pdf;documents/13/13_FlaStat.319.30.pdf;documents/13/13_FlaStat.626.9743.pdf;documents/13/13_McHalev.FarmBureau.pdf;documents/13/13_Sieglev.Progressive.pdf,1901,321,10,10,0,10,Style;Extraction (recall);Reasoning,completed,False,90.0,gpt-5.4,medium,medium,gpt-5.4,,,tool_assisted_daytona,"steps=24,tools=48",,list_files; read_file; find_in_files; write_file,,,"tool_assisted_daytona|gpt-5.4|gen_reasoning=medium|judge=gpt-5.4|judge_reasoning=default|gen_prompt=unknown|grade_prompt=unknown|budget=steps=24,tools=48",openai_api_pricing_2026-03-30,525.0,3.5,136502,113536,9722,32484,0,869,0.231629,0.094245,0.325874,0.325874,2026-03-30T07:01:31.633438+00:00
/home/connor/projects/economic-evals/outputs/openai_daytona_legal_task13_1x_rerun2_20260329/raw_runs.jsonl::13::1,False,False,,,,/home/connor/projects/economic-evals/outputs/openai_daytona_legal_task13_1x_rerun2_20260329/raw_runs.jsonl,/home/connor/projects/economic-evals/outputs/openai_daytona_legal_task13_1x_rerun2_20260329,/home/connor/projects/economic-evals/outputs/openai_daytona_legal_task13_1x_rerun2_20260329/run_manifest.json,13,1,Legal,Junior Insurance Litigation Associate,"Prepare a Florida legal opinion on whether a client whose nearly new Tesla was damaged in a collision can recover diminished value. The work requires applying the attached Florida statutes and cases to the client's facts, including whether the claim is first-party or third-party and whether a likely total-loss scenario changes the analysis.","A strong memo cites the controlling Florida authorities, explains the elements and limits on diminished-value recovery, and applies them directly to the client's insurance posture and repair facts. It should also address the total-loss branch explicitly, including the relevant statutory treatment under Fla. Stat. § 626.9743(5).",5,5362828,5.114391,4217886,.pdf,documents/13/13_Airtechv.MacDonald.pdf;documents/13/13_FlaStat.319.30.pdf;documents/13/13_FlaStat.626.9743.pdf;documents/13/13_McHalev.FarmBureau.pdf;documents/13/13_Sieglev.Progressive.pdf,1901,321,10,10,0,10,Style;Extraction (recall);Reasoning,generation_failed,False,0.0,gpt-5.4,high,medium,gpt-5.4,,,tool_assisted_daytona,"steps=12,tools=24",,list_files; read_file; find_in_files,,,"tool_assisted_daytona|gpt-5.4|gen_reasoning=high|judge=gpt-5.4|judge_reasoning=default|gen_prompt=unknown|grade_prompt=unknown|budget=steps=12,tools=24",openai_api_pricing_2026-03-30,525.0,3.5,221100,190976,12750,0,0,0,0.314304,0.0,0.314304,0.314304,2026-03-30T06:56:14.723820+00:00
/home/connor/projects/economic-evals/outputs/openai_daytona_legal_task13_1x_rerun_20260329/raw_runs.jsonl::13::1,False,False,,,,/home/connor/projects/economic-evals/outputs/openai_daytona_legal_task13_1x_rerun_20260329/raw_runs.jsonl,/home/connor/projects/economic-evals/outputs/openai_daytona_legal_task13_1x_rerun_20260329,/home/connor/projects/economic-evals/outputs/openai_daytona_legal_task13_1x_rerun_20260329/run_manifest.json,13,1,Legal,Junior Insurance Litigation Associate,"Prepare a Florida legal opinion on whether a client whose nearly new Tesla was damaged in a collision can recover diminished value. The work requires applying the attached Florida statutes and cases to the client's facts, including whether the claim is first-party or third-party and whether a likely total-loss scenario changes the analysis.","A strong memo cites the controlling Florida authorities, explains the elements and limits on diminished-value recovery, and applies them directly to the client's insurance posture and repair facts. It should also address the total-loss branch explicitly, including the relevant statutory treatment under Fla. Stat. § 626.9743(5).",5,5362828,5.114391,4217886,.pdf,documents/13/13_Airtechv.MacDonald.pdf;documents/13/13_FlaStat.319.30.pdf;documents/13/13_FlaStat.626.9743.pdf;documents/13/13_McHalev.FarmBureau.pdf;documents/13/13_Sieglev.Progressive.pdf,1901,321,10,10,0,10,Style;Extraction (recall);Reasoning,generation_failed,False,0.0,gpt-5.4,high,medium,gpt-5.4,,,tool_assisted_daytona,"steps=12,tools=24",,,,,"tool_assisted_daytona|gpt-5.4|gen_reasoning=high|judge=gpt-5.4|judge_reasoning=default|gen_prompt=unknown|grade_prompt=unknown|budget=steps=12,tools=24",openai_api_pricing_2026-03-30,525.0,3.5,0,0,0,0,0,0,0.0,0.0,0.0,0.0,2026-03-30T06:49:36.966711+00:00
/home/connor/projects/economic-evals/outputs/openai_daytona_legal_task13_3x_medium_20260330/raw_runs.jsonl::13::1,False,False,,,,/home/connor/projects/economic-evals/outputs/openai_daytona_legal_task13_3x_medium_20260330/raw_runs.jsonl,/home/connor/projects/economic-evals/outputs/openai_daytona_legal_task13_3x_medium_20260330,/home/connor/projects/economic-evals/outputs/openai_daytona_legal_task13_3x_medium_20260330/run_manifest.json,13,1,Legal,Junior Insurance Litigation Associate,"Prepare a Florida legal opinion on whether a client whose nearly new Tesla was damaged in a collision can recover diminished value. The work requires applying the attached Florida statutes and cases to the client's facts, including whether the claim is first-party or third-party and whether a likely total-loss scenario changes the analysis.","A strong memo cites the controlling Florida authorities, explains the elements and limits on diminished-value recovery, and applies them directly to the client's insurance posture and repair facts. It should also address the total-loss branch explicitly, including the relevant statutory treatment under Fla. Stat. § 626.9743(5).",5,5362828,5.114391,4217886,.pdf,documents/13/13_Airtechv.MacDonald.pdf;documents/13/13_FlaStat.319.30.pdf;documents/13/13_FlaStat.626.9743.pdf;documents/13/13_McHalev.FarmBureau.pdf;documents/13/13_Sieglev.Progressive.pdf,1901,321,10,10,0,10,Style;Extraction (recall);Reasoning,completed,False,90.0,gpt-5.4,medium,medium,gpt-5.4,medium,low,tool_assisted_daytona,"steps=24,tools=48",,list_files; read_file; find_in_files; write_file,33e6499c8179428baefa31f04f1899f07927b44cb835d2c235aa7e9bba025d11,904586ccc2fa588551a8b34a623ca76582f462aa96e85cba6e21d88a33f2012a,"tool_assisted_daytona|gpt-5.4|gen_reasoning=medium|judge=gpt-5.4|judge_reasoning=medium|gen_prompt=33e6499c8179|grade_prompt=904586ccc2fa|budget=steps=24,tools=48",openai_api_pricing_2026-03-30,525.0,3.5,211246,185728,11128,35604,0,2349,0.277147,0.124245,0.401392,0.401392,2026-03-31T03:05:04.934967+00:00
/home/connor/projects/economic-evals/outputs/openai_daytona_legal_task13_3x_medium_20260330/raw_runs.jsonl::13::2,False,False,,,,/home/connor/projects/economic-evals/outputs/openai_daytona_legal_task13_3x_medium_20260330/raw_runs.jsonl,/home/connor/projects/economic-evals/outputs/openai_daytona_legal_task13_3x_medium_20260330,/home/connor/projects/economic-evals/outputs/openai_daytona_legal_task13_3x_medium_20260330/run_manifest.json,13,2,Legal,Junior Insurance Litigation Associate,"Prepare a Florida legal opinion on whether a client whose nearly new Tesla was damaged in a collision can recover diminished value. The work requires applying the attached Florida statutes and cases to the client's facts, including whether the claim is first-party or third-party and whether a likely total-loss scenario changes the analysis.","A strong memo cites the controlling Florida authorities, explains the elements and limits on diminished-value recovery, and applies them directly to the client's insurance posture and repair facts. It should also address the total-loss branch explicitly, including the relevant statutory treatment under Fla. Stat. § 626.9743(5).",5,5362828,5.114391,4217886,.pdf,documents/13/13_Airtechv.MacDonald.pdf;documents/13/13_FlaStat.319.30.pdf;documents/13/13_FlaStat.626.9743.pdf;documents/13/13_McHalev.FarmBureau.pdf;documents/13/13_Sieglev.Progressive.pdf,1901,321,10,10,0,10,Style;Extraction (recall);Reasoning,completed,False,80.0,gpt-5.4,medium,medium,gpt-5.4,medium,low,tool_assisted_daytona,"steps=24,tools=48",,list_files; read_file; find_in_files; write_file,33e6499c8179428baefa31f04f1899f07927b44cb835d2c235aa7e9bba025d11,904586ccc2fa588551a8b34a623ca76582f462aa96e85cba6e21d88a33f2012a,"tool_assisted_daytona|gpt-5.4|gen_reasoning=medium|judge=gpt-5.4|judge_reasoning=medium|gen_prompt=33e6499c8179|grade_prompt=904586ccc2fa|budget=steps=24,tools=48",openai_api_pricing_2026-03-30,525.0,3.5,153674,126720,9972,31324,0,2260,0.248645,0.11221,0.360855,0.360855,2026-03-31T03:06:20.380692+00:00
/home/connor/projects/economic-evals/outputs/openai_daytona_legal_task13_3x_medium_20260330/raw_runs.jsonl::13::3,False,False,,,,/home/connor/projects/economic-evals/outputs/openai_daytona_legal_task13_3x_medium_20260330/raw_runs.jsonl,/home/connor/projects/economic-evals/outputs/openai_daytona_legal_task13_3x_medium_20260330,/home/connor/projects/economic-evals/outputs/openai_daytona_legal_task13_3x_medium_20260330/run_manifest.json,13,3,Legal,Junior Insurance Litigation Associate,"Prepare a Florida legal opinion on whether a client whose nearly new Tesla was damaged in a collision can recover diminished value. The work requires applying the attached Florida statutes and cases to the client's facts, including whether the claim is first-party or third-party and whether a likely total-loss scenario changes the analysis.","A strong memo cites the controlling Florida authorities, explains the elements and limits on diminished-value recovery, and applies them directly to the client's insurance posture and repair facts. It should also address the total-loss branch explicitly, including the relevant statutory treatment under Fla. Stat. § 626.9743(5).",5,5362828,5.114391,4217886,.pdf,documents/13/13_Airtechv.MacDonald.pdf;documents/13/13_FlaStat.319.30.pdf;documents/13/13_FlaStat.626.9743.pdf;documents/13/13_McHalev.FarmBureau.pdf;documents/13/13_Sieglev.Progressive.pdf,1901,321,10,10,0,10,Style;Extraction (recall);Reasoning,completed,False,80.0,gpt-5.4,medium,medium,gpt-5.4,medium,low,tool_assisted_daytona,"steps=24,tools=48",,list_files; read_file; find_in_files; write_file,33e6499c8179428baefa31f04f1899f07927b44cb835d2c235aa7e9bba025d11,904586ccc2fa588551a8b34a623ca76582f462aa96e85cba6e21d88a33f2012a,"tool_assisted_daytona|gpt-5.4|gen_reasoning=medium|judge=gpt-5.4|judge_reasoning=medium|gen_prompt=33e6499c8179|grade_prompt=904586ccc2fa|budget=steps=24,tools=48",openai_api_pricing_2026-03-30,525.0,3.5,208842,173568,9814,30264,0,2220,0.278787,0.10896,0.387747,0.387747,2026-03-31T03:12:14.872084+00:00
/home/connor/projects/economic-evals/outputs/openai_daytona_legal_task13_3x_medium_localworkspace_v3_20260401/raw_runs.jsonl::13::1,True,False,legal_task13_medium_localworkspace_v3,,2026-04-01T22:42:20.151616+00:00,/home/connor/projects/economic-evals/outputs/openai_daytona_legal_task13_3x_medium_localworkspace_v3_20260401/raw_runs.jsonl,/home/connor/projects/economic-evals/outputs/openai_daytona_legal_task13_3x_medium_localworkspace_v3_20260401,/home/connor/projects/economic-evals/outputs/openai_daytona_legal_task13_3x_medium_localworkspace_v3_20260401/run_manifest.json,13,1,Legal,Junior Insurance Litigation Associate,"Prepare a Florida legal opinion on whether a client whose nearly new Tesla was damaged in a collision can recover diminished value. The work requires applying the attached Florida statutes and cases to the client's facts, including whether the claim is first-party or third-party and whether a likely total-loss scenario changes the analysis.","A strong memo cites the controlling Florida authorities, explains the elements and limits on diminished-value recovery, and applies them directly to the client's insurance posture and repair facts. It should also address the total-loss branch explicitly, including the relevant statutory treatment under Fla. Stat. § 626.9743(5).",5,5362828,5.114391,4217886,.pdf,documents/13/13_Airtechv.MacDonald.pdf;documents/13/13_FlaStat.319.30.pdf;documents/13/13_FlaStat.626.9743.pdf;documents/13/13_McHalev.FarmBureau.pdf;documents/13/13_Sieglev.Progressive.pdf,1901,321,10,10,0,10,Style;Extraction (recall);Reasoning,completed,False,90.0,gpt-5.4,medium,medium,gpt-5.4,medium,low,tool_assisted_daytona,"steps=100,tools=200",10,read_file; find_in_files; write_file,a69d29676ca1395b4415ab24f9c245c042cca72e8591b4b5db0bc2d37518a791,904586ccc2fa588551a8b34a623ca76582f462aa96e85cba6e21d88a33f2012a,"tool_assisted_daytona|gpt-5.4|gen_reasoning=medium|judge=gpt-5.4|judge_reasoning=medium|gen_prompt=a69d29676ca1|grade_prompt=904586ccc2fa|budget=steps=100,tools=200",openai_api_pricing_2026-03-30,525.0,3.5,129871,105984,10407,33774,0,2396,0.242318,0.120375,0.362694,0.362694,2026-04-01T22:29:03.606910+00:00
/home/connor/projects/economic-evals/outputs/openai_daytona_legal_task13_3x_medium_localworkspace_v3_20260401/raw_runs.jsonl::13::2,True,False,legal_task13_medium_localworkspace_v3,,2026-04-01T22:42:20.151738+00:00,/home/connor/projects/economic-evals/outputs/openai_daytona_legal_task13_3x_medium_localworkspace_v3_20260401/raw_runs.jsonl,/home/connor/projects/economic-evals/outputs/openai_daytona_legal_task13_3x_medium_localworkspace_v3_20260401,/home/connor/projects/economic-evals/outputs/openai_daytona_legal_task13_3x_medium_localworkspace_v3_20260401/run_manifest.json,13,2,Legal,Junior Insurance Litigation Associate,"Prepare a Florida legal opinion on whether a client whose nearly new Tesla was damaged in a collision can recover diminished value. The work requires applying the attached Florida statutes and cases to the client's facts, including whether the claim is first-party or third-party and whether a likely total-loss scenario changes the analysis.","A strong memo cites the controlling Florida authorities, explains the elements and limits on diminished-value recovery, and applies them directly to the client's insurance posture and repair facts. It should also address the total-loss branch explicitly, including the relevant statutory treatment under Fla. Stat. § 626.9743(5).",5,5362828,5.114391,4217886,.pdf,documents/13/13_Airtechv.MacDonald.pdf;documents/13/13_FlaStat.319.30.pdf;documents/13/13_FlaStat.626.9743.pdf;documents/13/13_McHalev.FarmBureau.pdf;documents/13/13_Sieglev.Progressive.pdf,1901,321,10,10,0,10,Style;Extraction (recall);Reasoning,completed,False,90.0,gpt-5.4,medium,medium,gpt-5.4,medium,low,tool_assisted_daytona,"steps=100,tools=200",12,list_files; read_file; find_in_files; write_file,a69d29676ca1395b4415ab24f9c245c042cca72e8591b4b5db0bc2d37518a791,904586ccc2fa588551a8b34a623ca76582f462aa96e85cba6e21d88a33f2012a,"tool_assisted_daytona|gpt-5.4|gen_reasoning=medium|judge=gpt-5.4|judge_reasoning=medium|gen_prompt=a69d29676ca1|grade_prompt=904586ccc2fa|budget=steps=100,tools=200",openai_api_pricing_2026-03-30,525.0,3.5,151947,129920,11045,39084,0,2297,0.253223,0.132165,0.385387,0.385387,2026-04-01T22:32:33.459746+00:00
/home/connor/projects/economic-evals/outputs/openai_daytona_legal_task13_3x_medium_localworkspace_v3_20260401/raw_runs.jsonl::13::3,True,False,legal_task13_medium_localworkspace_v3,,2026-04-01T22:42:20.151800+00:00,/home/connor/projects/economic-evals/outputs/openai_daytona_legal_task13_3x_medium_localworkspace_v3_20260401/raw_runs.jsonl,/home/connor/projects/economic-evals/outputs/openai_daytona_legal_task13_3x_medium_localworkspace_v3_20260401,/home/connor/projects/economic-evals/outputs/openai_daytona_legal_task13_3x_medium_localworkspace_v3_20260401/run_manifest.json,13,3,Legal,Junior Insurance Litigation Associate,"Prepare a Florida legal opinion on whether a client whose nearly new Tesla was damaged in a collision can recover diminished value. The work requires applying the attached Florida statutes and cases to the client's facts, including whether the claim is first-party or third-party and whether a likely total-loss scenario changes the analysis.","A strong memo cites the controlling Florida authorities, explains the elements and limits on diminished-value recovery, and applies them directly to the client's insurance posture and repair facts. It should also address the total-loss branch explicitly, including the relevant statutory treatment under Fla. Stat. § 626.9743(5).",5,5362828,5.114391,4217886,.pdf,documents/13/13_Airtechv.MacDonald.pdf;documents/13/13_FlaStat.319.30.pdf;documents/13/13_FlaStat.626.9743.pdf;documents/13/13_McHalev.FarmBureau.pdf;documents/13/13_Sieglev.Progressive.pdf,1901,321,10,10,0,10,Style;Extraction (recall);Reasoning,completed,False,80.0,gpt-5.4,medium,medium,gpt-5.4,medium,low,tool_assisted_daytona,"steps=100,tools=200",13,list_files; read_file; find_in_files; write_file,a69d29676ca1395b4415ab24f9c245c042cca72e8591b4b5db0bc2d37518a791,904586ccc2fa588551a8b34a623ca76582f462aa96e85cba6e21d88a33f2012a,"tool_assisted_daytona|gpt-5.4|gen_reasoning=medium|judge=gpt-5.4|judge_reasoning=medium|gen_prompt=a69d29676ca1|grade_prompt=904586ccc2fa|budget=steps=100,tools=200",openai_api_pricing_2026-03-30,525.0,3.5,197573,165632,11752,36804,0,2577,0.29754,0.130665,0.428206,0.428206,2026-04-01T22:36:19.685541+00:00
/home/connor/projects/economic-evals/outputs/openai_daytona_legal_task13_3x_xhigh_localworkspace_v2_20260401/raw_runs.jsonl::13::1,True,False,legal_task13_xhigh_localworkspace_v2,,2026-04-01T22:24:07.371636+00:00,/home/connor/projects/economic-evals/outputs/openai_daytona_legal_task13_3x_xhigh_localworkspace_v2_20260401/raw_runs.jsonl,/home/connor/projects/economic-evals/outputs/openai_daytona_legal_task13_3x_xhigh_localworkspace_v2_20260401,/home/connor/projects/economic-evals/outputs/openai_daytona_legal_task13_3x_xhigh_localworkspace_v2_20260401/run_manifest.json,13,1,Legal,Junior Insurance Litigation Associate,"Prepare a Florida legal opinion on whether a client whose nearly new Tesla was damaged in a collision can recover diminished value. The work requires applying the attached Florida statutes and cases to the client's facts, including whether the claim is first-party or third-party and whether a likely total-loss scenario changes the analysis.","A strong memo cites the controlling Florida authorities, explains the elements and limits on diminished-value recovery, and applies them directly to the client's insurance posture and repair facts. It should also address the total-loss branch explicitly, including the relevant statutory treatment under Fla. Stat. § 626.9743(5).",5,5362828,5.114391,4217886,.pdf,documents/13/13_Airtechv.MacDonald.pdf;documents/13/13_FlaStat.319.30.pdf;documents/13/13_FlaStat.626.9743.pdf;documents/13/13_McHalev.FarmBureau.pdf;documents/13/13_Sieglev.Progressive.pdf,1901,321,10,10,0,10,Style;Extraction (recall);Reasoning,completed,False,80.0,gpt-5.4,xhigh,medium,gpt-5.4,medium,low,tool_assisted_daytona,"steps=24,tools=48",17,list_files; read_file; find_in_files; write_file,a69d29676ca1395b4415ab24f9c245c042cca72e8591b4b5db0bc2d37518a791,904586ccc2fa588551a8b34a623ca76582f462aa96e85cba6e21d88a33f2012a,"tool_assisted_daytona|gpt-5.4|gen_reasoning=xhigh|judge=gpt-5.4|judge_reasoning=medium|gen_prompt=a69d29676ca1|grade_prompt=904586ccc2fa|budget=steps=24,tools=48",openai_api_pricing_2026-03-30,525.0,3.5,443999,389248,28534,39714,0,2277,0.6622,0.13344,0.79564,0.79564,2026-04-01T20:48:50.327916+00:00
/home/connor/projects/economic-evals/outputs/openai_daytona_legal_task13_3x_xhigh_localworkspace_v2_20260401/raw_runs.jsonl::13::2,True,False,legal_task13_xhigh_localworkspace_v2,,2026-04-01T22:24:07.371719+00:00,/home/connor/projects/economic-evals/outputs/openai_daytona_legal_task13_3x_xhigh_localworkspace_v2_20260401/raw_runs.jsonl,/home/connor/projects/economic-evals/outputs/openai_daytona_legal_task13_3x_xhigh_localworkspace_v2_20260401,/home/connor/projects/economic-evals/outputs/openai_daytona_legal_task13_3x_xhigh_localworkspace_v2_20260401/run_manifest.json,13,2,Legal,Junior Insurance Litigation Associate,"Prepare a Florida legal opinion on whether a client whose nearly new Tesla was damaged in a collision can recover diminished value. The work requires applying the attached Florida statutes and cases to the client's facts, including whether the claim is first-party or third-party and whether a likely total-loss scenario changes the analysis.","A strong memo cites the controlling Florida authorities, explains the elements and limits on diminished-value recovery, and applies them directly to the client's insurance posture and repair facts. It should also address the total-loss branch explicitly, including the relevant statutory treatment under Fla. Stat. § 626.9743(5).",5,5362828,5.114391,4217886,.pdf,documents/13/13_Airtechv.MacDonald.pdf;documents/13/13_FlaStat.319.30.pdf;documents/13/13_FlaStat.626.9743.pdf;documents/13/13_McHalev.FarmBureau.pdf;documents/13/13_Sieglev.Progressive.pdf,1901,321,10,10,0,10,Style;Extraction (recall);Reasoning,completed,False,90.0,gpt-5.4,xhigh,medium,gpt-5.4,medium,low,tool_assisted_daytona,"steps=24,tools=48",19,list_files; read_file; find_in_files; write_file; python_exec,a69d29676ca1395b4415ab24f9c245c042cca72e8591b4b5db0bc2d37518a791,904586ccc2fa588551a8b34a623ca76582f462aa96e85cba6e21d88a33f2012a,"tool_assisted_daytona|gpt-5.4|gen_reasoning=xhigh|judge=gpt-5.4|judge_reasoning=medium|gen_prompt=a69d29676ca1|grade_prompt=904586ccc2fa|budget=steps=24,tools=48",openai_api_pricing_2026-03-30,525.0,3.5,524775,436608,21559,41744,0,2781,0.652954,0.146075,0.799029,0.799029,2026-04-01T21:02:50.497554+00:00
/home/connor/projects/economic-evals/outputs/openai_daytona_legal_task13_3x_xhigh_localworkspace_v2_20260401/raw_runs.jsonl::13::3,True,False,legal_task13_xhigh_localworkspace_v2,,2026-04-01T22:24:07.371784+00:00,/home/connor/projects/economic-evals/outputs/openai_daytona_legal_task13_3x_xhigh_localworkspace_v2_20260401/raw_runs.jsonl,/home/connor/projects/economic-evals/outputs/openai_daytona_legal_task13_3x_xhigh_localworkspace_v2_20260401,/home/connor/projects/economic-evals/outputs/openai_daytona_legal_task13_3x_xhigh_localworkspace_v2_20260401/run_manifest.json,13,3,Legal,Junior Insurance Litigation Associate,"Prepare a Florida legal opinion on whether a client whose nearly new Tesla was damaged in a collision can recover diminished value. The work requires applying the attached Florida statutes and cases to the client's facts, including whether the claim is first-party or third-party and whether a likely total-loss scenario changes the analysis.","A strong memo cites the controlling Florida authorities, explains the elements and limits on diminished-value recovery, and applies them directly to the client's insurance posture and repair facts. It should also address the total-loss branch explicitly, including the relevant statutory treatment under Fla. Stat. § 626.9743(5).",5,5362828,5.114391,4217886,.pdf,documents/13/13_Airtechv.MacDonald.pdf;documents/13/13_FlaStat.319.30.pdf;documents/13/13_FlaStat.626.9743.pdf;documents/13/13_McHalev.FarmBureau.pdf;documents/13/13_Sieglev.Progressive.pdf,1901,321,10,10,0,10,Style;Extraction (recall);Reasoning,completed,False,90.0,gpt-5.4,xhigh,medium,gpt-5.4,medium,low,tool_assisted_daytona,"steps=24,tools=48",23,list_files; read_file; find_in_files; python_exec; write_file,a69d29676ca1395b4415ab24f9c245c042cca72e8591b4b5db0bc2d37518a791,904586ccc2fa588551a8b34a623ca76582f462aa96e85cba6e21d88a33f2012a,"tool_assisted_daytona|gpt-5.4|gen_reasoning=xhigh|judge=gpt-5.4|judge_reasoning=medium|gen_prompt=a69d29676ca1|grade_prompt=904586ccc2fa|budget=steps=24,tools=48",openai_api_pricing_2026-03-30,525.0,3.5,501567,466432,29457,42174,0,2817,0.6463,0.14769,0.79399,0.79399,2026-04-01T21:24:30.014190+00:00
/home/connor/projects/economic-evals/outputs/openai_daytona_legal_task13_xhigh_attempt3_20260401/raw_runs.jsonl::13::1,False,False,,,,/home/connor/projects/economic-evals/outputs/openai_daytona_legal_task13_xhigh_attempt3_20260401/raw_runs.jsonl,/home/connor/projects/economic-evals/outputs/openai_daytona_legal_task13_xhigh_attempt3_20260401,/home/connor/projects/economic-evals/outputs/openai_daytona_legal_task13_xhigh_attempt3_20260401/run_manifest.json,13,1,Legal,Junior Insurance Litigation Associate,"Prepare a Florida legal opinion on whether a client whose nearly new Tesla was damaged in a collision can recover diminished value. The work requires applying the attached Florida statutes and cases to the client's facts, including whether the claim is first-party or third-party and whether a likely total-loss scenario changes the analysis.","A strong memo cites the controlling Florida authorities, explains the elements and limits on diminished-value recovery, and applies them directly to the client's insurance posture and repair facts. It should also address the total-loss branch explicitly, including the relevant statutory treatment under Fla. Stat. § 626.9743(5).",5,5362828,5.114391,4217886,.pdf,documents/13/13_Airtechv.MacDonald.pdf;documents/13/13_FlaStat.319.30.pdf;documents/13/13_FlaStat.626.9743.pdf;documents/13/13_McHalev.FarmBureau.pdf;documents/13/13_Sieglev.Progressive.pdf,1901,321,10,10,0,10,Style;Extraction (recall);Reasoning,generation_failed,False,0.0,gpt-5.4,xhigh,medium,gpt-5.4,medium,low,tool_assisted_daytona,"steps=24,tools=48",,,33e6499c8179428baefa31f04f1899f07927b44cb835d2c235aa7e9bba025d11,904586ccc2fa588551a8b34a623ca76582f462aa96e85cba6e21d88a33f2012a,"tool_assisted_daytona|gpt-5.4|gen_reasoning=xhigh|judge=gpt-5.4|judge_reasoning=medium|gen_prompt=33e6499c8179|grade_prompt=904586ccc2fa|budget=steps=24,tools=48",openai_api_pricing_2026-03-30,525.0,3.5,0,0,0,0,0,0,0.0,0.0,0.0,0.0,2026-04-01T19:18:41.535388+00:00
/home/connor/projects/economic-evals/outputs/openai_daytona_legal_task13_xhigh_localworkspace_smoke_20260401/raw_runs.jsonl::13::1,False,False,,,,/home/connor/projects/economic-evals/outputs/openai_daytona_legal_task13_xhigh_localworkspace_smoke_20260401/raw_runs.jsonl,/home/connor/projects/economic-evals/outputs/openai_daytona_legal_task13_xhigh_localworkspace_smoke_20260401,/home/connor/projects/economic-evals/outputs/openai_daytona_legal_task13_xhigh_localworkspace_smoke_20260401/run_manifest.json,13,1,Legal,Junior Insurance Litigation Associate,"Prepare a Florida legal opinion on whether a client whose nearly new Tesla was damaged in a collision can recover diminished value. The work requires applying the attached Florida statutes and cases to the client's facts, including whether the claim is first-party or third-party and whether a likely total-loss scenario changes the analysis.","A strong memo cites the controlling Florida authorities, explains the elements and limits on diminished-value recovery, and applies them directly to the client's insurance posture and repair facts. It should also address the total-loss branch explicitly, including the relevant statutory treatment under Fla. Stat. § 626.9743(5).",5,5362828,5.114391,4217886,.pdf,documents/13/13_Airtechv.MacDonald.pdf;documents/13/13_FlaStat.319.30.pdf;documents/13/13_FlaStat.626.9743.pdf;documents/13/13_McHalev.FarmBureau.pdf;documents/13/13_Sieglev.Progressive.pdf,1901,321,10,10,0,10,Style;Extraction (recall);Reasoning,completed,False,80.0,gpt-5.4,xhigh,medium,gpt-5.4,medium,low,tool_assisted_daytona,"steps=24,tools=48",17,list_files; read_file; find_in_files; write_file,a69d29676ca1395b4415ab24f9c245c042cca72e8591b4b5db0bc2d37518a791,904586ccc2fa588551a8b34a623ca76582f462aa96e85cba6e21d88a33f2012a,"tool_assisted_daytona|gpt-5.4|gen_reasoning=xhigh|judge=gpt-5.4|judge_reasoning=medium|gen_prompt=a69d29676ca1|grade_prompt=904586ccc2fa|budget=steps=24,tools=48",openai_api_pricing_2026-03-30,525.0,3.5,413628,361344,29646,42584,0,2539,0.665736,0.144545,0.810281,0.810281,2026-04-01T20:19:00.398525+00:00
/home/connor/projects/economic-evals/outputs/openai_daytona_legal_task1041_1x_xhigh_readbest_v5_20260401/raw_runs.jsonl::1041::1,False,False,,,,/home/connor/projects/economic-evals/outputs/openai_daytona_legal_task1041_1x_xhigh_readbest_v5_20260401/raw_runs.jsonl,/home/connor/projects/economic-evals/outputs/openai_daytona_legal_task1041_1x_xhigh_readbest_v5_20260401,/home/connor/projects/economic-evals/outputs/openai_daytona_legal_task1041_1x_xhigh_readbest_v5_20260401/run_manifest.json,1041,1,Legal,Junior Probate Associate,"Determine who inherits a decedent's house, jewelry, and car when he left a handwritten will to a friend but then made oral deathbed statements dividing the assets among family members. The key inputs are the reservation-based Navajo fact pattern and the attached authority on Navajo wills and probate.",A strong answer identifies which testamentary acts are legally effective under the attached authorities and allocates each asset to the correct beneficiary. It should explain why the oral statements do or do not alter the earlier handwritten will instead of relying on generic probate assumptions.,2,4305520,4.106064,4162850,.pdf,documents/1041/1041_5A-12.pdf;documents/1041/1041_In Re Lynchs Estate.pdf,608,108,13,11,2,12,Extraction (recall);Reasoning,completed,False,84.61538461538461,gpt-5.4,xhigh,medium,gpt-5.4,medium,low,tool_assisted_daytona,"steps=100,tools=200",23,list_files; read_best_matches; find_in_files; read_file; write_file,57a58174bc2d6ed7d22ea962a711b421e4fc8464ce3237b13bde86406342c507,904586ccc2fa588551a8b34a623ca76582f462aa96e85cba6e21d88a33f2012a,"tool_assisted_daytona|gpt-5.4|gen_reasoning=xhigh|judge=gpt-5.4|judge_reasoning=medium|gen_prompt=57a58174bc2d|grade_prompt=904586ccc2fa|budget=steps=100,tools=200",openai_api_pricing_2026-03-30,525.0,3.5,519333,476288,13339,13659,0,1904,0.42677,0.062707,0.489477,0.489477,2026-04-02T00:08:21.492569+00:00
/home/connor/projects/economic-evals/outputs/openai_daytona_legal_task1041_3x_medium_20260330/raw_runs.jsonl::1041::1,False,False,,,,/home/connor/projects/economic-evals/outputs/openai_daytona_legal_task1041_3x_medium_20260330/raw_runs.jsonl,/home/connor/projects/economic-evals/outputs/openai_daytona_legal_task1041_3x_medium_20260330,/home/connor/projects/economic-evals/outputs/openai_daytona_legal_task1041_3x_medium_20260330/run_manifest.json,1041,1,Legal,Junior Probate Associate,"Determine who inherits a decedent's house, jewelry, and car when he left a handwritten will to a friend but then made oral deathbed statements dividing the assets among family members. The key inputs are the reservation-based Navajo fact pattern and the attached authority on Navajo wills and probate.",A strong answer identifies which testamentary acts are legally effective under the attached authorities and allocates each asset to the correct beneficiary. It should explain why the oral statements do or do not alter the earlier handwritten will instead of relying on generic probate assumptions.,2,4305520,4.106064,4162850,.pdf,documents/1041/1041_5A-12.pdf;documents/1041/1041_In Re Lynchs Estate.pdf,608,108,13,11,2,12,Extraction (recall);Reasoning,completed,False,69.23076923076923,gpt-5.4,medium,medium,gpt-5.4,medium,low,tool_assisted_daytona,"steps=24,tools=48",,list_files; find_in_files; read_file; write_file,33e6499c8179428baefa31f04f1899f07927b44cb835d2c235aa7e9bba025d11,904586ccc2fa588551a8b34a623ca76582f462aa96e85cba6e21d88a33f2012a,"tool_assisted_daytona|gpt-5.4|gen_reasoning=medium|judge=gpt-5.4|judge_reasoning=medium|gen_prompt=33e6499c8179|grade_prompt=904586ccc2fa|budget=steps=24,tools=48",openai_api_pricing_2026-03-30,525.0,3.5,147941,125568,3283,11709,0,1937,0.13657,0.058327,16.979897,16.979897,2026-03-31T03:06:59.348347+00:00
/home/connor/projects/economic-evals/outputs/openai_daytona_legal_task1041_3x_medium_20260330/raw_runs.jsonl::1041::2,False,False,,,,/home/connor/projects/economic-evals/outputs/openai_daytona_legal_task1041_3x_medium_20260330/raw_runs.jsonl,/home/connor/projects/economic-evals/outputs/openai_daytona_legal_task1041_3x_medium_20260330,/home/connor/projects/economic-evals/outputs/openai_daytona_legal_task1041_3x_medium_20260330/run_manifest.json,1041,2,Legal,Junior Probate Associate,"Determine who inherits a decedent's house, jewelry, and car when he left a handwritten will to a friend but then made oral deathbed statements dividing the assets among family members. The key inputs are the reservation-based Navajo fact pattern and the attached authority on Navajo wills and probate.",A strong answer identifies which testamentary acts are legally effective under the attached authorities and allocates each asset to the correct beneficiary. It should explain why the oral statements do or do not alter the earlier handwritten will instead of relying on generic probate assumptions.,2,4305520,4.106064,4162850,.pdf,documents/1041/1041_5A-12.pdf;documents/1041/1041_In Re Lynchs Estate.pdf,608,108,13,11,2,12,Extraction (recall);Reasoning,completed,False,53.84615384615385,gpt-5.4,medium,medium,gpt-5.4,medium,low,tool_assisted_daytona,"steps=24,tools=48",,list_files; find_in_files; read_file; write_file,33e6499c8179428baefa31f04f1899f07927b44cb835d2c235aa7e9bba025d11,904586ccc2fa588551a8b34a623ca76582f462aa96e85cba6e21d88a33f2012a,"tool_assisted_daytona|gpt-5.4|gen_reasoning=medium|judge=gpt-5.4|judge_reasoning=medium|gen_prompt=33e6499c8179|grade_prompt=904586ccc2fa|budget=steps=24,tools=48",openai_api_pricing_2026-03-30,525.0,3.5,153037,130688,3475,10643,0,1960,0.14067,0.056008,0.196677,0.196677,2026-03-31T03:07:38.382524+00:00
/home/connor/projects/economic-evals/outputs/openai_daytona_legal_task1041_3x_medium_20260330/raw_runs.jsonl::1041::3,False,False,,,,/home/connor/projects/economic-evals/outputs/openai_daytona_legal_task1041_3x_medium_20260330/raw_runs.jsonl,/home/connor/projects/economic-evals/outputs/openai_daytona_legal_task1041_3x_medium_20260330,/home/connor/projects/economic-evals/outputs/openai_daytona_legal_task1041_3x_medium_20260330/run_manifest.json,1041,3,Legal,Junior Probate Associate,"Determine who inherits a decedent's house, jewelry, and car when he left a handwritten will to a friend but then made oral deathbed statements dividing the assets among family members. The key inputs are the reservation-based Navajo fact pattern and the attached authority on Navajo wills and probate.",A strong answer identifies which testamentary acts are legally effective under the attached authorities and allocates each asset to the correct beneficiary. It should explain why the oral statements do or do not alter the earlier handwritten will instead of relying on generic probate assumptions.,2,4305520,4.106064,4162850,.pdf,documents/1041/1041_5A-12.pdf;documents/1041/1041_In Re Lynchs Estate.pdf,608,108,13,11,2,12,Extraction (recall);Reasoning,completed,False,53.84615384615385,gpt-5.4,medium,medium,gpt-5.4,medium,low,tool_assisted_daytona,"steps=24,tools=48",,list_files; find_in_files; read_file; write_file,33e6499c8179428baefa31f04f1899f07927b44cb835d2c235aa7e9bba025d11,904586ccc2fa588551a8b34a623ca76582f462aa96e85cba6e21d88a33f2012a,"tool_assisted_daytona|gpt-5.4|gen_reasoning=medium|judge=gpt-5.4|judge_reasoning=medium|gen_prompt=33e6499c8179|grade_prompt=904586ccc2fa|budget=steps=24,tools=48",openai_api_pricing_2026-03-30,525.0,3.5,160391,141952,3715,9460,0,2253,0.137311,0.057445,0.194755,0.194755,2026-03-31T03:08:20.765355+00:00
/home/connor/projects/economic-evals/outputs/openai_daytona_legal_task1041_3x_medium_localworkspace_v3_20260401/raw_runs.jsonl::1041::1,True,False,legal_task1041_medium_localworkspace_v3,,2026-04-01T22:42:24.255559+00:00,/home/connor/projects/economic-evals/outputs/openai_daytona_legal_task1041_3x_medium_localworkspace_v3_20260401/raw_runs.jsonl,/home/connor/projects/economic-evals/outputs/openai_daytona_legal_task1041_3x_medium_localworkspace_v3_20260401,/home/connor/projects/economic-evals/outputs/openai_daytona_legal_task1041_3x_medium_localworkspace_v3_20260401/run_manifest.json,1041,1,Legal,Junior Probate Associate,"Determine who inherits a decedent's house, jewelry, and car when he left a handwritten will to a friend but then made oral deathbed statements dividing the assets among family members. The key inputs are the reservation-based Navajo fact pattern and the attached authority on Navajo wills and probate.",A strong answer identifies which testamentary acts are legally effective under the attached authorities and allocates each asset to the correct beneficiary. It should explain why the oral statements do or do not alter the earlier handwritten will instead of relying on generic probate assumptions.,2,4305520,4.106064,4162850,.pdf,documents/1041/1041_5A-12.pdf;documents/1041/1041_In Re Lynchs Estate.pdf,608,108,13,11,2,12,Extraction (recall);Reasoning,completed,False,76.92307692307693,gpt-5.4,medium,medium,gpt-5.4,medium,low,tool_assisted_daytona,"steps=100,tools=200",17,read_file; find_in_files; write_file,a69d29676ca1395b4415ab24f9c245c042cca72e8591b4b5db0bc2d37518a791,904586ccc2fa588551a8b34a623ca76582f462aa96e85cba6e21d88a33f2012a,"tool_assisted_daytona|gpt-5.4|gen_reasoning=medium|judge=gpt-5.4|judge_reasoning=medium|gen_prompt=a69d29676ca1|grade_prompt=904586ccc2fa|budget=steps=100,tools=200",openai_api_pricing_2026-03-30,525.0,3.5,219253,196864,4006,11254,0,2106,0.165278,0.059725,0.225003,0.225003,2026-04-01T22:27:52.146097+00:00
/home/connor/projects/economic-evals/outputs/openai_daytona_legal_task1041_3x_medium_localworkspace_v3_20260401/raw_runs.jsonl::1041::2,True,False,legal_task1041_medium_localworkspace_v3,,2026-04-01T22:42:24.255629+00:00,/home/connor/projects/economic-evals/outputs/openai_daytona_legal_task1041_3x_medium_localworkspace_v3_20260401/raw_runs.jsonl,/home/connor/projects/economic-evals/outputs/openai_daytona_legal_task1041_3x_medium_localworkspace_v3_20260401,/home/connor/projects/economic-evals/outputs/openai_daytona_legal_task1041_3x_medium_localworkspace_v3_20260401/run_manifest.json,1041,2,Legal,Junior Probate Associate,"Determine who inherits a decedent's house, jewelry, and car when he left a handwritten will to a friend but then made oral deathbed statements dividing the assets among family members. The key inputs are the reservation-based Navajo fact pattern and the attached authority on Navajo wills and probate.",A strong answer identifies which testamentary acts are legally effective under the attached authorities and allocates each asset to the correct beneficiary. It should explain why the oral statements do or do not alter the earlier handwritten will instead of relying on generic probate assumptions.,2,4305520,4.106064,4162850,.pdf,documents/1041/1041_5A-12.pdf;documents/1041/1041_In Re Lynchs Estate.pdf,608,108,13,11,2,12,Extraction (recall);Reasoning,completed,False,69.23076923076923,gpt-5.4,medium,medium,gpt-5.4,medium,low,tool_assisted_daytona,"steps=100,tools=200",22,list_files; find_in_files; read_file; write_file,a69d29676ca1395b4415ab24f9c245c042cca72e8591b4b5db0bc2d37518a791,904586ccc2fa588551a8b34a623ca76582f462aa96e85cba6e21d88a33f2012a,"tool_assisted_daytona|gpt-5.4|gen_reasoning=medium|judge=gpt-5.4|judge_reasoning=medium|gen_prompt=a69d29676ca1|grade_prompt=904586ccc2fa|budget=steps=100,tools=200",openai_api_pricing_2026-03-30,525.0,3.5,343199,314880,4968,13880,0,2282,0.224038,0.06893,0.292967,0.292967,2026-04-01T22:30:16.556817+00:00
/home/connor/projects/economic-evals/outputs/openai_daytona_legal_task1041_3x_medium_localworkspace_v3_20260401/raw_runs.jsonl::1041::3,True,False,legal_task1041_medium_localworkspace_v3,,2026-04-01T22:42:24.255679+00:00,/home/connor/projects/economic-evals/outputs/openai_daytona_legal_task1041_3x_medium_localworkspace_v3_20260401/raw_runs.jsonl,/home/connor/projects/economic-evals/outputs/openai_daytona_legal_task1041_3x_medium_localworkspace_v3_20260401,/home/connor/projects/economic-evals/outputs/openai_daytona_legal_task1041_3x_medium_localworkspace_v3_20260401/run_manifest.json,1041,3,Legal,Junior Probate Associate,"Determine who inherits a decedent's house, jewelry, and car when he left a handwritten will to a friend but then made oral deathbed statements dividing the assets among family members. The key inputs are the reservation-based Navajo fact pattern and the attached authority on Navajo wills and probate.",A strong answer identifies which testamentary acts are legally effective under the attached authorities and allocates each asset to the correct beneficiary. It should explain why the oral statements do or do not alter the earlier handwritten will instead of relying on generic probate assumptions.,2,4305520,4.106064,4162850,.pdf,documents/1041/1041_5A-12.pdf;documents/1041/1041_In Re Lynchs Estate.pdf,608,108,13,11,2,12,Extraction (recall);Reasoning,completed,False,53.84615384615385,gpt-5.4,medium,medium,gpt-5.4,medium,low,tool_assisted_daytona,"steps=100,tools=200",16,list_files; read_file; find_in_files; write_file,a69d29676ca1395b4415ab24f9c245c042cca72e8591b4b5db0bc2d37518a791,904586ccc2fa588551a8b34a623ca76582f462aa96e85cba6e21d88a33f2012a,"tool_assisted_daytona|gpt-5.4|gen_reasoning=medium|judge=gpt-5.4|judge_reasoning=medium|gen_prompt=a69d29676ca1|grade_prompt=904586ccc2fa|budget=steps=100,tools=200",openai_api_pricing_2026-03-30,525.0,3.5,122557,106112,3281,11241,0,2220,0.116856,0.061402,0.178258,0.178258,2026-04-01T22:32:11.268769+00:00
/home/connor/projects/economic-evals/outputs/openai_daytona_legal_task1041_3x_xhigh_localworkspace_v2_20260401/raw_runs.jsonl::1041::1,False,False,,,,/home/connor/projects/economic-evals/outputs/openai_daytona_legal_task1041_3x_xhigh_localworkspace_v2_20260401/raw_runs.jsonl,/home/connor/projects/economic-evals/outputs/openai_daytona_legal_task1041_3x_xhigh_localworkspace_v2_20260401,/home/connor/projects/economic-evals/outputs/openai_daytona_legal_task1041_3x_xhigh_localworkspace_v2_20260401/run_manifest.json,1041,1,Legal,Junior Probate Associate,"Determine who inherits a decedent's house, jewelry, and car when he left a handwritten will to a friend but then made oral deathbed statements dividing the assets among family members. The key inputs are the reservation-based Navajo fact pattern and the attached authority on Navajo wills and probate.",A strong answer identifies which testamentary acts are legally effective under the attached authorities and allocates each asset to the correct beneficiary. It should explain why the oral statements do or do not alter the earlier handwritten will instead of relying on generic probate assumptions.,2,4305520,4.106064,4162850,.pdf,documents/1041/1041_5A-12.pdf;documents/1041/1041_In Re Lynchs Estate.pdf,608,108,13,11,2,12,Extraction (recall);Reasoning,generation_failed,False,0.0,gpt-5.4,xhigh,medium,gpt-5.4,medium,low,tool_assisted_daytona,"steps=24,tools=48",24,list_files; find_in_files; read_file,a69d29676ca1395b4415ab24f9c245c042cca72e8591b4b5db0bc2d37518a791,904586ccc2fa588551a8b34a623ca76582f462aa96e85cba6e21d88a33f2012a,"tool_assisted_daytona|gpt-5.4|gen_reasoning=xhigh|judge=gpt-5.4|judge_reasoning=medium|gen_prompt=a69d29676ca1|grade_prompt=904586ccc2fa|budget=steps=24,tools=48",openai_api_pricing_2026-03-30,525.0,3.5,292777,270976,6061,0,0,0,0.213162,0.0,0.213162,0.213162,2026-04-01T20:42:41.736117+00:00
/home/connor/projects/economic-evals/outputs/openai_daytona_legal_task1041_3x_xhigh_localworkspace_v2_20260401/raw_runs.jsonl::1041::2,False,False,,,,/home/connor/projects/economic-evals/outputs/openai_daytona_legal_task1041_3x_xhigh_localworkspace_v2_20260401/raw_runs.jsonl,/home/connor/projects/economic-evals/outputs/openai_daytona_legal_task1041_3x_xhigh_localworkspace_v2_20260401,/home/connor/projects/economic-evals/outputs/openai_daytona_legal_task1041_3x_xhigh_localworkspace_v2_20260401/run_manifest.json,1041,2,Legal,Junior Probate Associate,"Determine who inherits a decedent's house, jewelry, and car when he left a handwritten will to a friend but then made oral deathbed statements dividing the assets among family members. The key inputs are the reservation-based Navajo fact pattern and the attached authority on Navajo wills and probate.",A strong answer identifies which testamentary acts are legally effective under the attached authorities and allocates each asset to the correct beneficiary. It should explain why the oral statements do or do not alter the earlier handwritten will instead of relying on generic probate assumptions.,2,4305520,4.106064,4162850,.pdf,documents/1041/1041_5A-12.pdf;documents/1041/1041_In Re Lynchs Estate.pdf,608,108,13,11,2,12,Extraction (recall);Reasoning,generation_failed,False,0.0,gpt-5.4,xhigh,medium,gpt-5.4,medium,low,tool_assisted_daytona,"steps=24,tools=48",24,list_files; read_file; find_in_files,a69d29676ca1395b4415ab24f9c245c042cca72e8591b4b5db0bc2d37518a791,904586ccc2fa588551a8b34a623ca76582f462aa96e85cba6e21d88a33f2012a,"tool_assisted_daytona|gpt-5.4|gen_reasoning=xhigh|judge=gpt-5.4|judge_reasoning=medium|gen_prompt=a69d29676ca1|grade_prompt=904586ccc2fa|budget=steps=24,tools=48",openai_api_pricing_2026-03-30,525.0,3.5,490978,454784,14120,0,0,0,0.415981,0.0,0.415981,0.415981,2026-04-01T20:47:07.517760+00:00
/home/connor/projects/economic-evals/outputs/openai_daytona_legal_task1041_3x_xhigh_localworkspace_v2_20260401/raw_runs.jsonl::1041::3,False,False,,,,/home/connor/projects/economic-evals/outputs/openai_daytona_legal_task1041_3x_xhigh_localworkspace_v2_20260401/raw_runs.jsonl,/home/connor/projects/economic-evals/outputs/openai_daytona_legal_task1041_3x_xhigh_localworkspace_v2_20260401,/home/connor/projects/economic-evals/outputs/openai_daytona_legal_task1041_3x_xhigh_localworkspace_v2_20260401/run_manifest.json,1041,3,Legal,Junior Probate Associate,"Determine who inherits a decedent's house, jewelry, and car when he left a handwritten will to a friend but then made oral deathbed statements dividing the assets among family members. The key inputs are the reservation-based Navajo fact pattern and the attached authority on Navajo wills and probate.",A strong answer identifies which testamentary acts are legally effective under the attached authorities and allocates each asset to the correct beneficiary. It should explain why the oral statements do or do not alter the earlier handwritten will instead of relying on generic probate assumptions.,2,4305520,4.106064,4162850,.pdf,documents/1041/1041_5A-12.pdf;documents/1041/1041_In Re Lynchs Estate.pdf,608,108,13,11,2,12,Extraction (recall);Reasoning,completed,False,76.92307692307693,gpt-5.4,xhigh,medium,gpt-5.4,medium,low,tool_assisted_daytona,"steps=24,tools=48",24,list_files; read_file; find_in_files; write_file,a69d29676ca1395b4415ab24f9c245c042cca72e8591b4b5db0bc2d37518a791,904586ccc2fa588551a8b34a623ca76582f462aa96e85cba6e21d88a33f2012a,"tool_assisted_daytona|gpt-5.4|gen_reasoning=xhigh|judge=gpt-5.4|judge_reasoning=medium|gen_prompt=a69d29676ca1|grade_prompt=904586ccc2fa|budget=steps=24,tools=48",openai_api_pricing_2026-03-30,525.0,3.5,322936,300416,8941,10188,0,2332,0.265519,0.06045,0.325969,0.325969,2026-04-01T20:50:43.387929+00:00
/home/connor/projects/economic-evals/outputs/openai_daytona_legal_task1041_xhigh_attempt1_20260401/raw_runs.jsonl::1041::1,False,False,,,,/home/connor/projects/economic-evals/outputs/openai_daytona_legal_task1041_xhigh_attempt1_20260401/raw_runs.jsonl,/home/connor/projects/economic-evals/outputs/openai_daytona_legal_task1041_xhigh_attempt1_20260401,/home/connor/projects/economic-evals/outputs/openai_daytona_legal_task1041_xhigh_attempt1_20260401/run_manifest.json,1041,1,Legal,Junior Probate Associate,"Determine who inherits a decedent's house, jewelry, and car when he left a handwritten will to a friend but then made oral deathbed statements dividing the assets among family members. The key inputs are the reservation-based Navajo fact pattern and the attached authority on Navajo wills and probate.",A strong answer identifies which testamentary acts are legally effective under the attached authorities and allocates each asset to the correct beneficiary. It should explain why the oral statements do or do not alter the earlier handwritten will instead of relying on generic probate assumptions.,2,4305520,4.106064,4162850,.pdf,documents/1041/1041_5A-12.pdf;documents/1041/1041_In Re Lynchs Estate.pdf,608,108,13,11,2,12,Extraction (recall);Reasoning,generation_failed,False,0.0,gpt-5.4,xhigh,medium,gpt-5.4,medium,low,tool_assisted_daytona,"steps=24,tools=48",,,33e6499c8179428baefa31f04f1899f07927b44cb835d2c235aa7e9bba025d11,904586ccc2fa588551a8b34a623ca76582f462aa96e85cba6e21d88a33f2012a,"tool_assisted_daytona|gpt-5.4|gen_reasoning=xhigh|judge=gpt-5.4|judge_reasoning=medium|gen_prompt=33e6499c8179|grade_prompt=904586ccc2fa|budget=steps=24,tools=48",openai_api_pricing_2026-03-30,525.0,3.5,0,0,0,0,0,0,0.0,0.0,0.0,0.0,2026-04-01T19:19:23.803411+00:00
/home/connor/projects/economic-evals/outputs/openai_daytona_legal_task1230_3x_medium_localworkspace_v3_20260401/raw_runs.jsonl::1230::1,True,False,legal_task1230_medium_localworkspace_v3,,2026-04-01T22:42:28.587936+00:00,/home/connor/projects/economic-evals/outputs/openai_daytona_legal_task1230_3x_medium_localworkspace_v3_20260401/raw_runs.jsonl,/home/connor/projects/economic-evals/outputs/openai_daytona_legal_task1230_3x_medium_localworkspace_v3_20260401,/home/connor/projects/economic-evals/outputs/openai_daytona_legal_task1230_3x_medium_localworkspace_v3_20260401/run_manifest.json,1230,1,Legal,Junior Litigation Associate,"Draft a settlement-prep memo for a property owner facing eleven nearly identical Florida HOA lawsuits, with a focus on attorney's-fees exposure and opposing counsel's conduct. The key inputs are the detailed litigation history in the prompt and the attached Florida fee-shifting and bar-ethics authorities.","A strong memo separates the fee-recovery analysis from the ethics analysis, applies the attached cases and ethics opinion to the repeated complaints and billing practices, and distinguishes weak complaints from actual sanctionable conduct. It should also explain whether and how the client's lawyer can raise the conduct during the settlement conference or through a separate channel afterward.",3,2948081,2.811509,2134010,.pdf,"documents/1230/COFFEY GARCIA v. SOUTH MIAMI HOSPITAL INC (2016) _ FindLaw.pdf;documents/1230/FL-Bar-Ethics-Op-60-33-2.pdf;documents/1230/Machado v. Da Vittorio, LLC, No. 1_2009cv23069 - Document 74 (S.D. Fla. 2010) __ Justia.pdf",5239,843,8,8,0,8,Extraction (recall);Reasoning,completed,False,62.5,gpt-5.4,medium,medium,gpt-5.4,medium,low,tool_assisted_daytona,"steps=100,tools=200",9,list_files; read_file; find_in_files; write_file,a69d29676ca1395b4415ab24f9c245c042cca72e8591b4b5db0bc2d37518a791,904586ccc2fa588551a8b34a623ca76582f462aa96e85cba6e21d88a33f2012a,"tool_assisted_daytona|gpt-5.4|gen_reasoning=medium|judge=gpt-5.4|judge_reasoning=medium|gen_prompt=a69d29676ca1|grade_prompt=904586ccc2fa|budget=steps=100,tools=200",openai_api_pricing_2026-03-30,525.0,3.5,87717,70144,14490,35804,0,2176,0.278818,0.12215,0.400968,0.400968,2026-04-01T22:30:30.571006+00:00
/home/connor/projects/economic-evals/outputs/openai_daytona_legal_task1230_3x_medium_localworkspace_v3_20260401/raw_runs.jsonl::1230::2,True,False,legal_task1230_medium_localworkspace_v3,,2026-04-01T22:42:28.588007+00:00,/home/connor/projects/economic-evals/outputs/openai_daytona_legal_task1230_3x_medium_localworkspace_v3_20260401/raw_runs.jsonl,/home/connor/projects/economic-evals/outputs/openai_daytona_legal_task1230_3x_medium_localworkspace_v3_20260401,/home/connor/projects/economic-evals/outputs/openai_daytona_legal_task1230_3x_medium_localworkspace_v3_20260401/run_manifest.json,1230,2,Legal,Junior Litigation Associate,"Draft a settlement-prep memo for a property owner facing eleven nearly identical Florida HOA lawsuits, with a focus on attorney's-fees exposure and opposing counsel's conduct. The key inputs are the detailed litigation history in the prompt and the attached Florida fee-shifting and bar-ethics authorities.","A strong memo separates the fee-recovery analysis from the ethics analysis, applies the attached cases and ethics opinion to the repeated complaints and billing practices, and distinguishes weak complaints from actual sanctionable conduct. It should also explain whether and how the client's lawyer can raise the conduct during the settlement conference or through a separate channel afterward.",3,2948081,2.811509,2134010,.pdf,"documents/1230/COFFEY GARCIA v. SOUTH MIAMI HOSPITAL INC (2016) _ FindLaw.pdf;documents/1230/FL-Bar-Ethics-Op-60-33-2.pdf;documents/1230/Machado v. Da Vittorio, LLC, No. 1_2009cv23069 - Document 74 (S.D. Fla. 2010) __ Justia.pdf",5239,843,8,8,0,8,Extraction (recall);Reasoning,completed,False,62.5,gpt-5.4,medium,medium,gpt-5.4,medium,low,tool_assisted_daytona,"steps=100,tools=200",8,list_files; read_file; find_in_files; write_file,a69d29676ca1395b4415ab24f9c245c042cca72e8591b4b5db0bc2d37518a791,904586ccc2fa588551a8b34a623ca76582f462aa96e85cba6e21d88a33f2012a,"tool_assisted_daytona|gpt-5.4|gen_reasoning=medium|judge=gpt-5.4|judge_reasoning=medium|gen_prompt=a69d29676ca1|grade_prompt=904586ccc2fa|budget=steps=100,tools=200",openai_api_pricing_2026-03-30,525.0,3.5,86449,69504,12606,32468,0,2039,0.248828,0.111755,0.360583,0.360583,2026-04-01T22:34:24.614579+00:00
/home/connor/projects/economic-evals/outputs/openai_daytona_legal_task1230_3x_medium_localworkspace_v3_20260401/raw_runs.jsonl::1230::3,True,False,legal_task1230_medium_localworkspace_v3,,2026-04-01T22:42:28.588056+00:00,/home/connor/projects/economic-evals/outputs/openai_daytona_legal_task1230_3x_medium_localworkspace_v3_20260401/raw_runs.jsonl,/home/connor/projects/economic-evals/outputs/openai_daytona_legal_task1230_3x_medium_localworkspace_v3_20260401,/home/connor/projects/economic-evals/outputs/openai_daytona_legal_task1230_3x_medium_localworkspace_v3_20260401/run_manifest.json,1230,3,Legal,Junior Litigation Associate,"Draft a settlement-prep memo for a property owner facing eleven nearly identical Florida HOA lawsuits, with a focus on attorney's-fees exposure and opposing counsel's conduct. The key inputs are the detailed litigation history in the prompt and the attached Florida fee-shifting and bar-ethics authorities.","A strong memo separates the fee-recovery analysis from the ethics analysis, applies the attached cases and ethics opinion to the repeated complaints and billing practices, and distinguishes weak complaints from actual sanctionable conduct. It should also explain whether and how the client's lawyer can raise the conduct during the settlement conference or through a separate channel afterward.",3,2948081,2.811509,2134010,.pdf,"documents/1230/COFFEY GARCIA v. SOUTH MIAMI HOSPITAL INC (2016) _ FindLaw.pdf;documents/1230/FL-Bar-Ethics-Op-60-33-2.pdf;documents/1230/Machado v. Da Vittorio, LLC, No. 1_2009cv23069 - Document 74 (S.D. Fla. 2010) __ Justia.pdf",5239,843,8,8,0,8,Extraction (recall);Reasoning,completed,False,62.5,gpt-5.4,medium,medium,gpt-5.4,medium,low,tool_assisted_daytona,"steps=100,tools=200",11,list_files; read_file; find_in_files; write_file,a69d29676ca1395b4415ab24f9c245c042cca72e8591b4b5db0bc2d37518a791,904586ccc2fa588551a8b34a623ca76582f462aa96e85cba6e21d88a33f2012a,"tool_assisted_daytona|gpt-5.4|gen_reasoning=medium|judge=gpt-5.4|judge_reasoning=medium|gen_prompt=a69d29676ca1|grade_prompt=904586ccc2fa|budget=steps=100,tools=200",openai_api_pricing_2026-03-30,525.0,3.5,142085,110208,17555,40236,0,2532,0.370569,0.13857,0.509139,0.509139,2026-04-01T22:39:57.058296+00:00
/home/connor/projects/economic-evals/outputs/openai_daytona_legal_task1230_3x_xhigh_localworkspace_v2_20260401/raw_runs.jsonl::1230::1,True,False,legal_task1230_xhigh_localworkspace_v2,,2026-04-01T22:24:07.364910+00:00,/home/connor/projects/economic-evals/outputs/openai_daytona_legal_task1230_3x_xhigh_localworkspace_v2_20260401/raw_runs.jsonl,/home/connor/projects/economic-evals/outputs/openai_daytona_legal_task1230_3x_xhigh_localworkspace_v2_20260401,/home/connor/projects/economic-evals/outputs/openai_daytona_legal_task1230_3x_xhigh_localworkspace_v2_20260401/run_manifest.json,1230,1,Legal,Junior Litigation Associate,"Draft a settlement-prep memo for a property owner facing eleven nearly identical Florida HOA lawsuits, with a focus on attorney's-fees exposure and opposing counsel's conduct. The key inputs are the detailed litigation history in the prompt and the attached Florida fee-shifting and bar-ethics authorities.","A strong memo separates the fee-recovery analysis from the ethics analysis, applies the attached cases and ethics opinion to the repeated complaints and billing practices, and distinguishes weak complaints from actual sanctionable conduct. It should also explain whether and how the client's lawyer can raise the conduct during the settlement conference or through a separate channel afterward.",3,2948081,2.811509,2134010,.pdf,"documents/1230/COFFEY GARCIA v. SOUTH MIAMI HOSPITAL INC (2016) _ FindLaw.pdf;documents/1230/FL-Bar-Ethics-Op-60-33-2.pdf;documents/1230/Machado v. Da Vittorio, LLC, No. 1_2009cv23069 - Document 74 (S.D. Fla. 2010) __ Justia.pdf",5239,843,8,8,0,8,Extraction (recall);Reasoning,completed,False,62.5,gpt-5.4,xhigh,medium,gpt-5.4,medium,low,tool_assisted_daytona,"steps=24,tools=48",12,list_files; read_file; find_in_files; write_file,a69d29676ca1395b4415ab24f9c245c042cca72e8591b4b5db0bc2d37518a791,904586ccc2fa588551a8b34a623ca76582f462aa96e85cba6e21d88a33f2012a,"tool_assisted_daytona|gpt-5.4|gen_reasoning=xhigh|judge=gpt-5.4|judge_reasoning=medium|gen_prompt=a69d29676ca1|grade_prompt=904586ccc2fa|budget=steps=24,tools=48",openai_api_pricing_2026-03-30,525.0,3.5,301383,277120,36377,41236,0,2157,0.675593,0.135445,0.811038,0.811038,2026-04-01T20:51:18.354615+00:00
/home/connor/projects/economic-evals/outputs/openai_daytona_legal_task1230_3x_xhigh_localworkspace_v2_20260401/raw_runs.jsonl::1230::2,True,False,legal_task1230_xhigh_localworkspace_v2,,2026-04-01T22:24:07.364964+00:00,/home/connor/projects/economic-evals/outputs/openai_daytona_legal_task1230_3x_xhigh_localworkspace_v2_20260401/raw_runs.jsonl,/home/connor/projects/economic-evals/outputs/openai_daytona_legal_task1230_3x_xhigh_localworkspace_v2_20260401,/home/connor/projects/economic-evals/outputs/openai_daytona_legal_task1230_3x_xhigh_localworkspace_v2_20260401/run_manifest.json,1230,2,Legal,Junior Litigation Associate,"Draft a settlement-prep memo for a property owner facing eleven nearly identical Florida HOA lawsuits, with a focus on attorney's-fees exposure and opposing counsel's conduct. The key inputs are the detailed litigation history in the prompt and the attached Florida fee-shifting and bar-ethics authorities.","A strong memo separates the fee-recovery analysis from the ethics analysis, applies the attached cases and ethics opinion to the repeated complaints and billing practices, and distinguishes weak complaints from actual sanctionable conduct. It should also explain whether and how the client's lawyer can raise the conduct during the settlement conference or through a separate channel afterward.",3,2948081,2.811509,2134010,.pdf,"documents/1230/COFFEY GARCIA v. SOUTH MIAMI HOSPITAL INC (2016) _ FindLaw.pdf;documents/1230/FL-Bar-Ethics-Op-60-33-2.pdf;documents/1230/Machado v. Da Vittorio, LLC, No. 1_2009cv23069 - Document 74 (S.D. Fla. 2010) __ Justia.pdf",5239,843,8,8,0,8,Extraction (recall);Reasoning,completed,False,62.5,gpt-5.4,xhigh,medium,gpt-5.4,medium,low,tool_assisted_daytona,"steps=24,tools=48",11,list_files; read_file; find_in_files; write_file,a69d29676ca1395b4415ab24f9c245c042cca72e8591b4b5db0bc2d37518a791,904586ccc2fa588551a8b34a623ca76582f462aa96e85cba6e21d88a33f2012a,"tool_assisted_daytona|gpt-5.4|gen_reasoning=xhigh|judge=gpt-5.4|judge_reasoning=medium|gen_prompt=a69d29676ca1|grade_prompt=904586ccc2fa|budget=steps=24,tools=48",openai_api_pricing_2026-03-30,525.0,3.5,287671,215680,19964,45716,0,2241,0.533358,0.147905,0.681263,0.681263,2026-04-01T21:04:09.716870+00:00
/home/connor/projects/economic-evals/outputs/openai_daytona_legal_task1230_3x_xhigh_localworkspace_v2_20260401/raw_runs.jsonl::1230::3,True,False,legal_task1230_xhigh_localworkspace_v2,,2026-04-01T22:24:07.365000+00:00,/home/connor/projects/economic-evals/outputs/openai_daytona_legal_task1230_3x_xhigh_localworkspace_v2_20260401/raw_runs.jsonl,/home/connor/projects/economic-evals/outputs/openai_daytona_legal_task1230_3x_xhigh_localworkspace_v2_20260401,/home/connor/projects/economic-evals/outputs/openai_daytona_legal_task1230_3x_xhigh_localworkspace_v2_20260401/run_manifest.json,1230,3,Legal,Junior Litigation Associate,"Draft a settlement-prep memo for a property owner facing eleven nearly identical Florida HOA lawsuits, with a focus on attorney's-fees exposure and opposing counsel's conduct. The key inputs are the detailed litigation history in the prompt and the attached Florida fee-shifting and bar-ethics authorities.","A strong memo separates the fee-recovery analysis from the ethics analysis, applies the attached cases and ethics opinion to the repeated complaints and billing practices, and distinguishes weak complaints from actual sanctionable conduct. It should also explain whether and how the client's lawyer can raise the conduct during the settlement conference or through a separate channel afterward.",3,2948081,2.811509,2134010,.pdf,"documents/1230/COFFEY GARCIA v. SOUTH MIAMI HOSPITAL INC (2016) _ FindLaw.pdf;documents/1230/FL-Bar-Ethics-Op-60-33-2.pdf;documents/1230/Machado v. Da Vittorio, LLC, No. 1_2009cv23069 - Document 74 (S.D. Fla. 2010) __ Justia.pdf",5239,843,8,8,0,8,Extraction (recall);Reasoning,completed,False,62.5,gpt-5.4,xhigh,medium,gpt-5.4,medium,low,tool_assisted_daytona,"steps=24,tools=48",24,list_files; read_file; find_in_files; write_file,a69d29676ca1395b4415ab24f9c245c042cca72e8591b4b5db0bc2d37518a791,904586ccc2fa588551a8b34a623ca76582f462aa96e85cba6e21d88a33f2012a,"tool_assisted_daytona|gpt-5.4|gen_reasoning=xhigh|judge=gpt-5.4|judge_reasoning=medium|gen_prompt=a69d29676ca1|grade_prompt=904586ccc2fa|budget=steps=24,tools=48",openai_api_pricing_2026-03-30,525.0,3.5,637598,603520,32859,40300,0,2449,0.72896,0.137485,0.866445,0.866445,2026-04-01T21:24:45.186791+00:00
/home/connor/projects/economic-evals/outputs/openai_daytona_legal_task1230_run1_medium_20260330/raw_runs.jsonl::1230::1,False,False,,,,/home/connor/projects/economic-evals/outputs/openai_daytona_legal_task1230_run1_medium_20260330/raw_runs.jsonl,/home/connor/projects/economic-evals/outputs/openai_daytona_legal_task1230_run1_medium_20260330,/home/connor/projects/economic-evals/outputs/openai_daytona_legal_task1230_run1_medium_20260330/run_manifest.json,1230,1,Legal,Junior Litigation Associate,"Draft a settlement-prep memo for a property owner facing eleven nearly identical Florida HOA lawsuits, with a focus on attorney's-fees exposure and opposing counsel's conduct. The key inputs are the detailed litigation history in the prompt and the attached Florida fee-shifting and bar-ethics authorities.","A strong memo separates the fee-recovery analysis from the ethics analysis, applies the attached cases and ethics opinion to the repeated complaints and billing practices, and distinguishes weak complaints from actual sanctionable conduct. It should also explain whether and how the client's lawyer can raise the conduct during the settlement conference or through a separate channel afterward.",3,2948081,2.811509,2134010,.pdf,"documents/1230/COFFEY GARCIA v. SOUTH MIAMI HOSPITAL INC (2016) _ FindLaw.pdf;documents/1230/FL-Bar-Ethics-Op-60-33-2.pdf;documents/1230/Machado v. Da Vittorio, LLC, No. 1_2009cv23069 - Document 74 (S.D. Fla. 2010) __ Justia.pdf",5239,843,8,8,0,8,Extraction (recall);Reasoning,completed,False,75.0,gpt-5.4,medium,medium,gpt-5.4,,,tool_assisted_daytona,"steps=24,tools=48",,list_files; read_file; find_in_files; write_file,33e6499c8179428baefa31f04f1899f07927b44cb835d2c235aa7e9bba025d11,904586ccc2fa588551a8b34a623ca76582f462aa96e85cba6e21d88a33f2012a,"tool_assisted_daytona|gpt-5.4|gen_reasoning=medium|judge=gpt-5.4|judge_reasoning=default|gen_prompt=33e6499c8179|grade_prompt=904586ccc2fa|budget=steps=24,tools=48",openai_api_pricing_2026-03-30,525.0,3.5,113262,95104,15909,31916,0,745,0.307806,0.090965,0.398771,0.398771,2026-03-31T03:27:18.495704+00:00
/home/connor/projects/economic-evals/outputs/openai_daytona_legal_task1230_run2_medium_20260330/raw_runs.jsonl::1230::1,False,False,,,,/home/connor/projects/economic-evals/outputs/openai_daytona_legal_task1230_run2_medium_20260330/raw_runs.jsonl,/home/connor/projects/economic-evals/outputs/openai_daytona_legal_task1230_run2_medium_20260330,/home/connor/projects/economic-evals/outputs/openai_daytona_legal_task1230_run2_medium_20260330/run_manifest.json,1230,1,Legal,Junior Litigation Associate,"Draft a settlement-prep memo for a property owner facing eleven nearly identical Florida HOA lawsuits, with a focus on attorney's-fees exposure and opposing counsel's conduct. The key inputs are the detailed litigation history in the prompt and the attached Florida fee-shifting and bar-ethics authorities.","A strong memo separates the fee-recovery analysis from the ethics analysis, applies the attached cases and ethics opinion to the repeated complaints and billing practices, and distinguishes weak complaints from actual sanctionable conduct. It should also explain whether and how the client's lawyer can raise the conduct during the settlement conference or through a separate channel afterward.",3,2948081,2.811509,2134010,.pdf,"documents/1230/COFFEY GARCIA v. SOUTH MIAMI HOSPITAL INC (2016) _ FindLaw.pdf;documents/1230/FL-Bar-Ethics-Op-60-33-2.pdf;documents/1230/Machado v. Da Vittorio, LLC, No. 1_2009cv23069 - Document 74 (S.D. Fla. 2010) __ Justia.pdf",5239,843,8,8,0,8,Extraction (recall);Reasoning,completed,False,75.0,gpt-5.4,medium,medium,gpt-5.4,,,tool_assisted_daytona,"steps=24,tools=48",,list_files; read_file; find_in_files; write_file,33e6499c8179428baefa31f04f1899f07927b44cb835d2c235aa7e9bba025d11,904586ccc2fa588551a8b34a623ca76582f462aa96e85cba6e21d88a33f2012a,"tool_assisted_daytona|gpt-5.4|gen_reasoning=medium|judge=gpt-5.4|judge_reasoning=default|gen_prompt=33e6499c8179|grade_prompt=904586ccc2fa|budget=steps=24,tools=48",openai_api_pricing_2026-03-30,525.0,3.5,78475,56832,15385,33460,0,702,0.29909,0.09418,0.39327,0.39327,2026-03-31T03:27:07.684354+00:00
/home/connor/projects/economic-evals/outputs/openai_daytona_legal_task1230_run3_medium_20260330/raw_runs.jsonl::1230::1,False,False,,,,/home/connor/projects/economic-evals/outputs/openai_daytona_legal_task1230_run3_medium_20260330/raw_runs.jsonl,/home/connor/projects/economic-evals/outputs/openai_daytona_legal_task1230_run3_medium_20260330,/home/connor/projects/economic-evals/outputs/openai_daytona_legal_task1230_run3_medium_20260330/run_manifest.json,1230,1,Legal,Junior Litigation Associate,"Draft a settlement-prep memo for a property owner facing eleven nearly identical Florida HOA lawsuits, with a focus on attorney's-fees exposure and opposing counsel's conduct. The key inputs are the detailed litigation history in the prompt and the attached Florida fee-shifting and bar-ethics authorities.","A strong memo separates the fee-recovery analysis from the ethics analysis, applies the attached cases and ethics opinion to the repeated complaints and billing practices, and distinguishes weak complaints from actual sanctionable conduct. It should also explain whether and how the client's lawyer can raise the conduct during the settlement conference or through a separate channel afterward.",3,2948081,2.811509,2134010,.pdf,"documents/1230/COFFEY GARCIA v. SOUTH MIAMI HOSPITAL INC (2016) _ FindLaw.pdf;documents/1230/FL-Bar-Ethics-Op-60-33-2.pdf;documents/1230/Machado v. Da Vittorio, LLC, No. 1_2009cv23069 - Document 74 (S.D. Fla. 2010) __ Justia.pdf",5239,843,8,8,0,8,Extraction (recall);Reasoning,completed,False,75.0,gpt-5.4,medium,medium,gpt-5.4,,,tool_assisted_daytona,"steps=24,tools=48",,list_files; read_file; write_file,33e6499c8179428baefa31f04f1899f07927b44cb835d2c235aa7e9bba025d11,904586ccc2fa588551a8b34a623ca76582f462aa96e85cba6e21d88a33f2012a,"tool_assisted_daytona|gpt-5.4|gen_reasoning=medium|judge=gpt-5.4|judge_reasoning=default|gen_prompt=33e6499c8179|grade_prompt=904586ccc2fa|budget=steps=24,tools=48",openai_api_pricing_2026-03-30,525.0,3.5,95577,80384,16574,43524,0,727,0.306688,0.119715,0.426403,0.426403,2026-03-31T03:27:10.946327+00:00
/home/connor/projects/economic-evals/outputs/openai_daytona_legal_task1230_xhigh_attempt1_20260401/raw_runs.jsonl::1230::1,False,False,,,,/home/connor/projects/economic-evals/outputs/openai_daytona_legal_task1230_xhigh_attempt1_20260401/raw_runs.jsonl,/home/connor/projects/economic-evals/outputs/openai_daytona_legal_task1230_xhigh_attempt1_20260401,/home/connor/projects/economic-evals/outputs/openai_daytona_legal_task1230_xhigh_attempt1_20260401/run_manifest.json,1230,1,Legal,Junior Litigation Associate,"Draft a settlement-prep memo for a property owner facing eleven nearly identical Florida HOA lawsuits, with a focus on attorney's-fees exposure and opposing counsel's conduct. The key inputs are the detailed litigation history in the prompt and the attached Florida fee-shifting and bar-ethics authorities.","A strong memo separates the fee-recovery analysis from the ethics analysis, applies the attached cases and ethics opinion to the repeated complaints and billing practices, and distinguishes weak complaints from actual sanctionable conduct. It should also explain whether and how the client's lawyer can raise the conduct during the settlement conference or through a separate channel afterward.",3,2948081,2.811509,2134010,.pdf,"documents/1230/COFFEY GARCIA v. SOUTH MIAMI HOSPITAL INC (2016) _ FindLaw.pdf;documents/1230/FL-Bar-Ethics-Op-60-33-2.pdf;documents/1230/Machado v. Da Vittorio, LLC, No. 1_2009cv23069 - Document 74 (S.D. Fla. 2010) __ Justia.pdf",5239,843,8,8,0,8,Extraction (recall);Reasoning,generation_failed,False,0.0,gpt-5.4,xhigh,medium,gpt-5.4,medium,low,tool_assisted_daytona,"steps=24,tools=48",,,33e6499c8179428baefa31f04f1899f07927b44cb835d2c235aa7e9bba025d11,904586ccc2fa588551a8b34a623ca76582f462aa96e85cba6e21d88a33f2012a,"tool_assisted_daytona|gpt-5.4|gen_reasoning=xhigh|judge=gpt-5.4|judge_reasoning=medium|gen_prompt=33e6499c8179|grade_prompt=904586ccc2fa|budget=steps=24,tools=48",openai_api_pricing_2026-03-30,525.0,3.5,0,0,0,0,0,0,0.0,0.0,0.0,0.0,2026-04-01T19:19:01.643850+00:00
