task_id,domain,task_source,provenance_id,job,task_description,success_criteria,attachment_count,attachment_total_bytes,attachment_total_mb,largest_attachment_bytes,attachment_extensions,attachment_paths,prompt_char_count,prompt_word_count,criterion_count,primary_criteria_count,secondary_criteria_count,criteria_with_sources_count,criterion_types,setup_id,generation_mode,model_id,generation_reasoning_effort,generation_verbosity,judge_model_id,judge_reasoning_effort,judge_verbosity,generation_prompt_fingerprint,grading_prompt_fingerprint,agent_budget,mean_generation_steps_used,tools_used,price_book_id_current,promoted_attempts,completed_runs,business_passes,pass_rate,mean_score_pct,mean_generation_cost_per_attempt_usd,mean_grading_cost_per_attempt_usd,mean_total_cost_per_attempt_usd,mean_cost_of_successful_attempts_usd,cost_per_success_usd,hours_estimate,value_base_usd,expected_net_base_usd_per_attempt,latest_attempt_completed_at,promotion_labels
13,Legal,Apex,apex_public_v1_extended_train,Junior Insurance Litigation Associate,"Prepare a Florida legal opinion on whether a client whose nearly new Tesla was damaged in a collision can recover diminished value. The work requires applying the attached Florida statutes and cases to the client's facts, including whether the claim is first-party or third-party and whether a likely total-loss scenario changes the analysis.","A strong memo cites the controlling Florida authorities, explains the elements and limits on diminished-value recovery, and applies them directly to the client's insurance posture and repair facts. It should also address the total-loss branch explicitly, including the relevant statutory treatment under Fla. Stat. § 626.9743(5).",5,5362828,5.114391,4217886,.pdf,documents/13/13_Airtechv.MacDonald.pdf;documents/13/13_FlaStat.319.30.pdf;documents/13/13_FlaStat.626.9743.pdf;documents/13/13_McHalev.FarmBureau.pdf;documents/13/13_Sieglev.Progressive.pdf,1901,321,10,10,0,10,Style;Extraction (recall);Reasoning,"tool_assisted_daytona|gpt-5.4|gen_reasoning=medium|judge=gpt-5.4|judge_reasoning=medium|gen_prompt=a69d29676ca1|grade_prompt=904586ccc2fa|budget=steps=100,tools=200",tool_assisted_daytona,gpt-5.4,medium,medium,gpt-5.4,medium,low,a69d29676ca1395b4415ab24f9c245c042cca72e8591b4b5db0bc2d37518a791,904586ccc2fa588551a8b34a623ca76582f462aa96e85cba6e21d88a33f2012a,"steps=100,tools=200",11.6667,read_file; find_in_files; write_file; list_files,openai_api_pricing_2026-03-30,3,3,0,0.0,86.6667,0.26436,0.127735,0.392096,,,3.5,525.0,-0.392096,2026-04-01T22:36:19.685541+00:00,legal_task13_medium_localworkspace_v3
13,Legal,Apex,apex_public_v1_extended_train,Junior Insurance Litigation Associate,"Prepare a Florida legal opinion on whether a client whose nearly new Tesla was damaged in a collision can recover diminished value. The work requires applying the attached Florida statutes and cases to the client's facts, including whether the claim is first-party or third-party and whether a likely total-loss scenario changes the analysis.","A strong memo cites the controlling Florida authorities, explains the elements and limits on diminished-value recovery, and applies them directly to the client's insurance posture and repair facts. It should also address the total-loss branch explicitly, including the relevant statutory treatment under Fla. Stat. § 626.9743(5).",5,5362828,5.114391,4217886,.pdf,documents/13/13_Airtechv.MacDonald.pdf;documents/13/13_FlaStat.319.30.pdf;documents/13/13_FlaStat.626.9743.pdf;documents/13/13_McHalev.FarmBureau.pdf;documents/13/13_Sieglev.Progressive.pdf,1901,321,10,10,0,10,Style;Extraction (recall);Reasoning,"tool_assisted_daytona|gpt-5.4|gen_reasoning=xhigh|judge=gpt-5.4|judge_reasoning=medium|gen_prompt=a69d29676ca1|grade_prompt=904586ccc2fa|budget=steps=24,tools=48",tool_assisted_daytona,gpt-5.4,xhigh,medium,gpt-5.4,medium,low,a69d29676ca1395b4415ab24f9c245c042cca72e8591b4b5db0bc2d37518a791,904586ccc2fa588551a8b34a623ca76582f462aa96e85cba6e21d88a33f2012a,"steps=24,tools=48",19.6667,list_files; read_file; find_in_files; write_file; python_exec,openai_api_pricing_2026-03-30,3,3,0,0.0,86.6667,0.653818,0.142402,0.79622,,,3.5,525.0,-0.79622,2026-04-01T21:24:30.014190+00:00,legal_task13_xhigh_localworkspace_v2
845,Legal,Apex,apex_public_v1_extended_train,,"A renowned art collective calling themselves “The Roamers” has been touring the country with a pop-up art exhibit called “Circus Circus” that takes place under a circus tent erected overnight and is removed a week later. While it is in town, Circus Circus plays odd sounds and emits flashing lights, which usually stirs up lots of talk and excitement from the residents. The actual content of the exhibit is intentionally mysterious, as The Roamers want visitors to experience the art without any preconceived notions. They maintain the mystery by making visitors sign a waiver before they enter, promising that they will keep the interior exhibit a secret. In exchange for the promise, visitors are asked to write down a secret of their own, which is vetted by an attendant at the front door as worthy or unworthy for entry. The form says: ""Visitors who break our secret waive their right to secrecy."" Visitors then have their picture taken and posted on a page on the CircusCircus website for all to see, under the heading: “We came, we saw, we’ll never tell, we promised.” The waiver also includes a notice that reads: “Some of the contents of this exhibit may be disturbing to some viewers. By entering Circus Circus you proceed at your own risk.” When Circus Circus came to Long Beach, California, local celebrity influencers Libby and Lonson were first in line to visit. Libby had reservations about signing the form, because she had some sensitivities to seeing blood, which usually caused her to faint, so she asked the attendant at the front if the exhibit had any blood. “I’m bound by my employer not to reveal any details so I can’t say,” was all he would say, but he did so while emphatically nodding yes. Libby and Lonson decided to take the chance anyway. Libby filled out the form, added her secret, and handed it to the attendant. ""Are you sure about this?"" he asked. ""I'm sure,"" she said, and Libby and Lonson entered the exhibit. Sure enough, about halfway through the exhibit they turned a corner into a room that had a video projected onto all the walls to look like dripping blood. Libby immediately passed out, fell to the ground, hit her head on a sculpture, and started to actually bleed. The Roamers had a medical team on hand, and they took proper care to get her help and send her to the hospital for follow-up. Libby’s injuries were minimal, but she was severely distressed by the event, and in true influencer style, she posted a story to her Instagram account about what happened in detail, including the specifics of the room. A day later, while looking up their pictures on the Circus Circus website, Libby saw that below her photograph were the words ""I cheated on my husband,"" which is the secret that she wrote on her form for entry. As soon as her husband saw the post, he filed for divorce. Libby is now seeking counsel to sue The Roamers for all of her misfortune. What are the three most viable claims can she bring against The Roamers, and which, if any, are likely to succeed?",,4,417815,0.398459,152365,.pdf,documents/845/CACI-1801-1802.pdf;documents/845/CIV_1668.pdf;documents/845/CIV_1714.pdf;documents/845/Hughes v Pair.pdf,3027,531,8,7,1,8,Extraction (recall);Reasoning,"tool_assisted_daytona|gpt-5.4|gen_reasoning=xhigh|judge=gpt-5.4|judge_reasoning=medium|gen_prompt=57a58174bc2d|grade_prompt=904586ccc2fa|budget=steps=100,tools=200",tool_assisted_daytona,gpt-5.4,xhigh,medium,gpt-5.4,medium,low,57a58174bc2d6ed7d22ea962a711b421e4fc8464ce3237b13bde86406342c507,904586ccc2fa588551a8b34a623ca76582f462aa96e85cba6e21d88a33f2012a,"steps=100,tools=200",12.6667,list_files; read_file; read_best_matches; write_file; find_in_files,openai_api_pricing_2026-03-30,3,3,0,0.0,62.5,0.419606,0.078372,0.667979,,,3.5,525.0,-0.667979,2026-04-07T03:57:57.672215+00:00,legal_next10_xhigh_20260406
942,Legal,Apex,apex_public_v1_extended_train,,"On January 11th, 2025, in Compton, California, Christy Rothschild, aged 24, was babysitting Jontae Rodriguez, aged 15. Jontae finished showering and came out of the bathroom wearing a towel. As she passed Christy in the hallway, Christy deliberately grazed her elbow against Jontae's chest and winked at Jontae while making a purring sound. When Jontae turned to look at Christy, Christy stuck her finger into her mouth seductively and invited Jontae to join her in the bedroom for ""more where that came from."" Jontae hurried down the hallway, locked herself in her bedroom, and called her parents, who then called the police. On January 19th, 2025, the Los Angeles County District Attorney charged Christy with a misdemeanor violation of California Penal Code section 288(c)(1). A jury convicted Ms. Rothschild, and Ms. Rothschild now appeals, claiming insufficiency of evidence. Draft a client advisement letter using the attached file, assessing the likelihood that the appellate court will grant Ms. Rothschild's appeal, citing relevant California Code.",,1,505543,0.482123,505543,.pdf,documents/942/942_PEOPLE v. CROMER.pdf,1060,163,7,6,1,2,Extraction (recall);Reasoning;Style,"tool_assisted_daytona|gpt-5.4|gen_reasoning=xhigh|judge=gpt-5.4|judge_reasoning=medium|gen_prompt=57a58174bc2d|grade_prompt=904586ccc2fa|budget=steps=100,tools=200",tool_assisted_daytona,gpt-5.4,xhigh,medium,gpt-5.4,medium,low,57a58174bc2d6ed7d22ea962a711b421e4fc8464ce3237b13bde86406342c507,904586ccc2fa588551a8b34a623ca76582f462aa96e85cba6e21d88a33f2012a,"steps=100,tools=200",10.3333,list_files; read_file; read_best_matches; find_in_files; python_exec; write_file,openai_api_pricing_2026-03-30,3,3,1,0.3333,85.7143,0.305123,0.046617,0.391741,0.375832,1.175223,3.5,525.0,174.608259,2026-04-07T04:11:45.838089+00:00,legal_next10_xhigh_20260406
1022,Legal,Apex,apex_public_v1_extended_train,,"Our client has been arrested and charged in connection with a series of thefts at a gas station where he works. The manager of the gas station noticed that the cash register had been short on numerous nights throughout the last month, all of which coincided with nights that the defendant was recorded as working, based on the timesheets. The gas station has surveillance video, but the manager did not have access to the system and was unaware of its operation - in order to access the surveillance video, the manager had to reach out to a different employee with an IT background. The manager requested the surveillance videos for each night that the cash register was short. The manager has never met the defendant in person but has seen a photograph of him in the employee file. The manager watched the videos several times and noticed a person he recognizes to be the defendant in the videos, scanning lottery tickets at various points throughout the night without collecting any sort of payment from a customer. The manager reviewed the cash register transaction records and saw that the transaction records indicate that a sale was made, even though the defendant was never seen collecting any money on the videos. The manager called the police, who attended the gas station the next time the defendant was scheduled to work. The officers informed the defendant, prior to speaking with him, that he was not under arrest and was free to end the conversation with them at any time. When asked, the defendant denied stealing. The officers then showed the defendant the video surveillance footage and relevant transaction logs, and the defendant admitted to scanning lottery tickets without taking money from any customers. The police placed the defendant under arrest and the State of Florida charged the defendant with grand theft. Please prepare a legal memo using the attached files, answering the following questions: (1) the State intends to introduce the surveillance videos through the manager's testimony. If an objection to the admission of that evidence is made, should the objection be sustained? Assume for questions 2 and 3 that the State successfully introduces the surveillance videos into evidence and that the surveillance videos are the only exhibits in evidence. (2) the State will ask the manager to identify the defendant as the person depicted in the surveillance videos. If an objection to the admission of that evidence is made, should the objection be sustained? (3) the State will also ask the manager to testify that the defendant worked each night the cash register came up short. If an objection to the admission of that evidence is made, should the objection be sustained?",,4,555949,0.530194,194920,.pdf,documents/1022/1022_PROCTOR v. STATE.pdf;documents/1022/1022_T.V.U. v. STATE.pdf;documents/1022/1022_WAGNER v. STATE.pdf;documents/1022/1022_YISRAEL v. STATE .pdf,2714,450,16,4,12,16,Style;Extraction (recall);Reasoning,"tool_assisted_daytona|gpt-5.4|gen_reasoning=xhigh|judge=gpt-5.4|judge_reasoning=medium|gen_prompt=57a58174bc2d|grade_prompt=904586ccc2fa|budget=steps=100,tools=200",tool_assisted_daytona,gpt-5.4,xhigh,medium,gpt-5.4,medium,low,57a58174bc2d6ed7d22ea962a711b421e4fc8464ce3237b13bde86406342c507,904586ccc2fa588551a8b34a623ca76582f462aa96e85cba6e21d88a33f2012a,"steps=100,tools=200",17.6667,list_files; read_file; read_best_matches; find_in_files; write_file,openai_api_pricing_2026-03-30,3,3,3,1.0,81.25,0.473761,0.160765,0.749526,0.749526,0.749526,3.5,525.0,524.250474,2026-04-07T04:30:13.063049+00:00,legal_next10_xhigh_20260406
1031,Legal,Apex,apex_public_v1_extended_train,Junior Federal Appellate Associate,"Analyze whether a federal firearms defendant can still challenge the denial of a suppression motion after entering an unconditional guilty plea in Puerto Rico. The key inputs are the attached First Circuit and related federal cases on appellate jurisdiction, waiver, and the effect of unconditional pleas.","A strong memo explains the jurisdictional and waiver consequences of an unconditional guilty plea, applies the attached precedents directly to the defendant's posture, and reaches a clear conclusion about whether the appeal can proceed. It should distinguish true jurisdictional defects from issues that are forfeited or waived.",6,2421153,2.308991,886432,.pdf,documents/1031/1031_US v. De Vaughn.pdf;documents/1031/1031_US v. Riojas.pdf;documents/1031/1031_US-v.-Coil.pdf;documents/1031/1031_US-v.-Combs.pdf;documents/1031/1031_US-v.-Dávila-González.pdf;documents/1031/1031_US-v.-Jacobo Castillo.pdf,756,122,8,8,0,7,Extraction (recall);Reasoning,"tool_assisted_daytona|gpt-5.4|gen_reasoning=medium|judge=gpt-5.4|judge_reasoning=medium|gen_prompt=57a58174bc2d|grade_prompt=904586ccc2fa|budget=steps=100,tools=200",tool_assisted_daytona,gpt-5.4,medium,medium,gpt-5.4,medium,low,57a58174bc2d6ed7d22ea962a711b421e4fc8464ce3237b13bde86406342c507,904586ccc2fa588551a8b34a623ca76582f462aa96e85cba6e21d88a33f2012a,"steps=100,tools=200",16.3333,list_files; read_best_matches; read_file; find_in_files; write_file,openai_api_pricing_2026-03-30,3,3,1,0.3333,75.0,0.367777,0.082177,0.809953,0.477503,2.42986,3.5,525.0,174.190047,2026-04-02T04:21:36.270357+00:00,legal_next3_medium_20260401
1031,Legal,Apex,apex_public_v1_extended_train,Junior Federal Appellate Associate,"Analyze whether a federal firearms defendant can still challenge the denial of a suppression motion after entering an unconditional guilty plea in Puerto Rico. The key inputs are the attached First Circuit and related federal cases on appellate jurisdiction, waiver, and the effect of unconditional pleas.","A strong memo explains the jurisdictional and waiver consequences of an unconditional guilty plea, applies the attached precedents directly to the defendant's posture, and reaches a clear conclusion about whether the appeal can proceed. It should distinguish true jurisdictional defects from issues that are forfeited or waived.",6,2421153,2.308991,886432,.pdf,documents/1031/1031_US v. De Vaughn.pdf;documents/1031/1031_US v. Riojas.pdf;documents/1031/1031_US-v.-Coil.pdf;documents/1031/1031_US-v.-Combs.pdf;documents/1031/1031_US-v.-Dávila-González.pdf;documents/1031/1031_US-v.-Jacobo Castillo.pdf,756,122,8,8,0,7,Extraction (recall);Reasoning,"tool_assisted_daytona|gpt-5.4|gen_reasoning=xhigh|judge=gpt-5.4|judge_reasoning=medium|gen_prompt=57a58174bc2d|grade_prompt=904586ccc2fa|budget=steps=100,tools=200",tool_assisted_daytona,gpt-5.4,xhigh,medium,gpt-5.4,medium,low,57a58174bc2d6ed7d22ea962a711b421e4fc8464ce3237b13bde86406342c507,904586ccc2fa588551a8b34a623ca76582f462aa96e85cba6e21d88a33f2012a,"steps=100,tools=200",25.3333,list_files; find_in_files; read_best_matches; read_file; write_file,openai_api_pricing_2026-03-30,3,3,1,0.3333,91.6667,0.660335,0.09037,0.750705,0.652583,2.252114,3.5,525.0,174.249295,2026-04-02T05:52:27.850199+00:00,legal_next3_xhigh_20260401
1041,Legal,Apex,apex_public_v1_extended_train,Junior Probate Associate,"Determine who inherits a decedent's house, jewelry, and car when he left a handwritten will to a friend but then made oral deathbed statements dividing the assets among family members. The key inputs are the reservation-based Navajo fact pattern and the attached authority on Navajo wills and probate.",A strong answer identifies which testamentary acts are legally effective under the attached authorities and allocates each asset to the correct beneficiary. It should explain why the oral statements do or do not alter the earlier handwritten will instead of relying on generic probate assumptions.,2,4305520,4.106064,4162850,.pdf,documents/1041/1041_5A-12.pdf;documents/1041/1041_In Re Lynchs Estate.pdf,608,108,13,11,2,12,Extraction (recall);Reasoning,"tool_assisted_daytona|gpt-5.4|gen_reasoning=medium|judge=gpt-5.4|judge_reasoning=medium|gen_prompt=a69d29676ca1|grade_prompt=904586ccc2fa|budget=steps=100,tools=200",tool_assisted_daytona,gpt-5.4,medium,medium,gpt-5.4,medium,low,a69d29676ca1395b4415ab24f9c245c042cca72e8591b4b5db0bc2d37518a791,904586ccc2fa588551a8b34a623ca76582f462aa96e85cba6e21d88a33f2012a,"steps=100,tools=200",18.3333,read_file; find_in_files; write_file; list_files,openai_api_pricing_2026-03-30,3,3,0,0.0,66.6667,0.168724,0.063352,0.232076,,,3.5,525.0,-0.232076,2026-04-01T22:32:11.268769+00:00,legal_task1041_medium_localworkspace_v3
1041,Legal,Apex,apex_public_v1_extended_train,Junior Probate Associate,"Determine who inherits a decedent's house, jewelry, and car when he left a handwritten will to a friend but then made oral deathbed statements dividing the assets among family members. The key inputs are the reservation-based Navajo fact pattern and the attached authority on Navajo wills and probate.",A strong answer identifies which testamentary acts are legally effective under the attached authorities and allocates each asset to the correct beneficiary. It should explain why the oral statements do or do not alter the earlier handwritten will instead of relying on generic probate assumptions.,2,4305520,4.106064,4162850,.pdf,documents/1041/1041_5A-12.pdf;documents/1041/1041_In Re Lynchs Estate.pdf,608,108,13,11,2,12,Extraction (recall);Reasoning,"tool_assisted_daytona|gpt-5.4|gen_reasoning=xhigh|judge=gpt-5.4|judge_reasoning=medium|gen_prompt=57a58174bc2d|grade_prompt=904586ccc2fa|budget=steps=100,tools=200",tool_assisted_daytona,gpt-5.4,xhigh,medium,gpt-5.4,medium,low,57a58174bc2d6ed7d22ea962a711b421e4fc8464ce3237b13bde86406342c507,904586ccc2fa588551a8b34a623ca76582f462aa96e85cba6e21d88a33f2012a,"steps=100,tools=200",33.6667,list_files; read_file; read_best_matches; find_in_files; python_exec; write_file,openai_api_pricing_2026-03-30,3,3,0,0.0,82.0513,0.67819,0.061596,0.739786,,,3.5,525.0,-0.739786,2026-04-02T02:40:51.005227+00:00,legal_task1041_xhigh_rerun_after_daytona_fix_20260401
1078,Legal,Apex,apex_public_v1_extended_train,,"Steven Smith was driving on Route 53 in Indianapolis, Indiana on June 28, 2025. Route 53 is a rural road, surrounded by farms, with one lane going in each direction. The speed limit is 55 MPH. Steven Smith was looking for a farm where he had an appointment to view some equipment for sale. He became lost, applied the brakes, turned on his turn signal, and proceeded to turn left into a driveway as he planned to ask the workers he saw for directions. George Green was traveling the speed limit behind Mr. Smith. He noticed that he was coming quickly upon Mr. Smith's vehicle as he saw brake lights. Rather than slowing his vehicle, Mr. Green immediately proceeded to pass Mr. Smith. He turned on his left signal to indicate that he was entering the left-hand lane to pass on the left. He did not honk his horn. As Mr. Green's vehicle was in the left-hand lane with the front of his vehicle approximately aligned with the rear-tires of Mr. Smith's vehicle, Mr. Smith suddenly turned left. The point of impact to Mr. Green's vehicle was the right front headlight. The point of impact to Mr. Smith's vehicle was the driver-side door. At the location of the impact, the vehicles were approaching a steep hill, which impeded the view of oncoming traffic. Mr. Smith never saw Mr. Green, nor did he see a turn signal. He did not hear Mr. Green honk his horn. Please determine which driver had the right-of-way and then analyze whether the driver with the right-of-way was partially at fault in contributing to the accident. Please consider the attached documents in your analysis.",,6,499510,0.47637,88015,.pdf,documents/1078/Indiana Code 34-51-2-5.pdf;documents/1078/Indiana Code 34-51-2-6.pdf;documents/1078/Indiana Code 9-21-8-24.pdf;documents/1078/Indiana Code 9-21-8-30.pdf;documents/1078/Indiana Code 9-21-8-5.pdf;documents/1078/Indiana Code 9-21-8-8.pdf,1593,278,6,6,0,6,Extraction (recall);Reasoning,"tool_assisted_daytona|gpt-5.4|gen_reasoning=xhigh|judge=gpt-5.4|judge_reasoning=medium|gen_prompt=57a58174bc2d|grade_prompt=904586ccc2fa|budget=steps=100,tools=200",tool_assisted_daytona,gpt-5.4,xhigh,medium,gpt-5.4,medium,low,57a58174bc2d6ed7d22ea962a711b421e4fc8464ce3237b13bde86406342c507,904586ccc2fa588551a8b34a623ca76582f462aa96e85cba6e21d88a33f2012a,"steps=100,tools=200",12.6667,list_files; read_file; write_file; find_in_files,openai_api_pricing_2026-03-30,3,3,2,0.6667,94.4444,0.227174,0.05262,0.309794,0.335992,0.464691,3.5,525.0,349.690206,2026-04-07T04:42:08.775279+00:00,legal_next10_xhigh_20260406
1148,Legal,Apex,apex_public_v1_extended_train,,"Frank Bader is a claimant for Social Security Disability Insurance benefits. His claim has been denied twice, and he has appealed the latest denial. He has submitted a new Medical Opinion Statement from his treating physician, Dr. Samantha Hauler, with his appeal. The Administrative Law Judge (ALJ) assigned to Mr. Bader’s case is preparing for the hearing. Before the ALJ reviews the case file himself, he has requested a pre-hearing brief. Utilizing the attached documents and applicable law, draft a brief for the ALJ about Mr. Bader’s case. The ALJ wants the brief to discuss each step of the five-step sequential evaluation process in Mr. Bader’s case and determine at which step the Social Security Administration should find Mr. Bader disabled.",,2,329870,0.314589,237066,.pdf,documents/1148/Frank Bader Case File.pdf;documents/1148/Frank Bader Work History.pdf,753,121,7,1,6,7,Extraction (recall);Reasoning,"tool_assisted_daytona|gpt-5.4|gen_reasoning=xhigh|judge=gpt-5.4|judge_reasoning=medium|gen_prompt=57a58174bc2d|grade_prompt=904586ccc2fa|budget=steps=100,tools=200",tool_assisted_daytona,gpt-5.4,xhigh,medium,gpt-5.4,medium,low,57a58174bc2d6ed7d22ea962a711b421e4fc8464ce3237b13bde86406342c507,904586ccc2fa588551a8b34a623ca76582f462aa96e85cba6e21d88a33f2012a,"steps=100,tools=200",10.6667,list_files; read_file; python_exec; write_file,openai_api_pricing_2026-03-30,3,3,0,0.0,57.1429,0.451227,0.08647,0.562696,,,3.5,525.0,-0.562696,2026-04-07T05:06:41.604121+00:00,legal_next10_xhigh_20260406
1167,Legal,Apex,apex_public_v1_extended_train,,"Mr. B is seeking legal representation for a capital murder in Fulton County, Georgia. Mr. B was diagnosed with auditory hallucination as a teenager. He has been in and out of mental health facilities since his diagnosis. Most of his stays were involuntary, as he would commit petty crimes around the city of Atlanta during his hallucinations. His prior crimes include petty theft, disorderly conduct, and trespassing. On the day of the murder, he states that he had not taken his medications for a few weeks. He states that he was hearing things like “kill the next person you see wearing a black t-shirt"". As a result, he complied with the voices and killed a stranger who matched the description of his hallucinations. The heinous murder was caught on camera, and a massive manhunt ensued. However, Mr. B was not found until seven months later, because he had fled Georgia by Greyhound to Nebraska based on instructions from his hallucinations. He was caught when he voluntarily went to seek mental health treatment and was extradited to Georgia. Taking the attached document into consideration, please provide a legal memorandum analyzing whether an insanity plea from Mr. B is likely to be successful based on the facts stated above.",,1,202849,0.193452,202849,.pdf,documents/1167/The State v. Wierson.pdf,1240,207,6,5,1,3,Reasoning;Extraction (recall),"tool_assisted_daytona|gpt-5.4|gen_reasoning=xhigh|judge=gpt-5.4|judge_reasoning=medium|gen_prompt=57a58174bc2d|grade_prompt=904586ccc2fa|budget=steps=100,tools=200",tool_assisted_daytona,gpt-5.4,xhigh,medium,gpt-5.4,medium,low,57a58174bc2d6ed7d22ea962a711b421e4fc8464ce3237b13bde86406342c507,904586ccc2fa588551a8b34a623ca76582f462aa96e85cba6e21d88a33f2012a,"steps=100,tools=200",14.6667,list_files; read_file; read_best_matches; find_in_files; write_file,openai_api_pricing_2026-03-30,3,3,0,0.0,77.7778,0.399565,0.068793,0.663357,,,3.5,525.0,-0.663357,2026-04-07T05:24:43.700968+00:00,legal_next10_xhigh_20260406
1184,Legal,Apex,apex_public_v1_extended_train,,"The US Environmental Protection Agency (EPA) is conducting a remedial action under the Comprehensive Environmental Response, Compensation and Liability Act (CERCLA) to remove contaminated soil from a former wood treatment yard near Pendleton, Oregon. The cleanup is being conducted pursuant to a CERCLA record of decision (ROD). The response action selected in the ROD includes ""dig and haul"" as the primary cleanup method. The ROD contains a list of state and federal environmental applicable or relevant and appropriate requirements (ARARs) that the cleanup must attain, as required by Section 121(d) of CERCLA. The ROD requires that the EPA meet 'Substantive Portions of Section 106 of the National Historic Preservation Act,' 'Substantive Portions of ORS 97.745.' Prior to the cleanup, the EPA remedial project manager (RPM) assigned to the case contacted the Advisory Council on Historic Preservation (ACHP), who referred her to the applicable Oregon State Historic Preservation Officer (SHPO). The RPM, unsure of whether there would be any impact on historic places, contacted the SHPO to discuss the cleanup. After a brief phone call discussing the matter, the SHPO and RPM agreed that, due to the Site's proximity to a schoolyard listed on the National Register of Historic Places, the EPA should contract with an archeologist to be present on site in case any historical artifacts were discovered during the cleanup. The EPA memorialized this in writing in the administrative record. Midway through the cleanup, the EPA was in the process of excavating contaminated soil when the RPM discovered what appeared to be, and was later confirmed to be, portions of a cairn. Though the cleanup was not on land of tribal significance, the archeologist immediately stopped the cleanup for analysis of the cairn. It was later determined to have been built by Celilo Wy'am indians. The EPA's onsite archeologist consulted on the removal of the cairn from the dig site, and the cairn was transferred to the SHPO. The SHPO later transferred it to Oregon State University for restoration and display. No portion of the cairn was damaged during this process. A member of the Celilo Wy'am Tribe has recently learned about the events and has approached our firm for guidance. Please draft an analysis of the following: 1. Was it proper for the EPA to conduct the cleanup without undergoing formal review under Section 106 of the National Historic Preservation Act (NHPA)? 2. Was it proper for the EPA to transfer the cairn to the SHPO? Please reference the attached documents in the analysis.",,5,433099,0.413035,149402,.pdf,documents/1184/1184_ORS97.740.pdf;documents/1184/1184_ORS97.745.pdf;documents/1184/42U.S.C.9621.pdf;documents/1184/54U.S.C.306107.pdf;documents/1184/54U.S.C.306108.pdf,2594,416,8,8,0,2,Extraction (recall);Reasoning,"tool_assisted_daytona|gpt-5.4|gen_reasoning=xhigh|judge=gpt-5.4|judge_reasoning=medium|gen_prompt=57a58174bc2d|grade_prompt=904586ccc2fa|budget=steps=100,tools=200",tool_assisted_daytona,gpt-5.4,xhigh,medium,gpt-5.4,medium,low,57a58174bc2d6ed7d22ea962a711b421e4fc8464ce3237b13bde86406342c507,904586ccc2fa588551a8b34a623ca76582f462aa96e85cba6e21d88a33f2012a,"steps=100,tools=200",16.3333,read_file; find_in_files; read_best_matches; write_file; list_files,openai_api_pricing_2026-03-30,3,3,0,0.0,50.0,0.438343,0.090833,0.584177,,,3.5,525.0,-0.584177,2026-04-07T05:46:27.377885+00:00,legal_next10_xhigh_20260406
1189,Legal,Apex,apex_public_v1_extended_train,,"Chen operates an immigration consulting firm in California through an LLC. She is the sole owner. The business generates $1 million in annual revenue, with a net income of $550,000 after deducting office rent, payroll and other expenses. She estimates that the net assets of her company are worth around $20,000, mostly consisting of office furniture and appliances. She is considering relocating to Nashville, Tennessee and moving her business there in Jan 2024. Chen wants to evaluate the tax consequences of the relocation. Assuming the revenue and net income remain the same after relocation, and all the business will come from Tennssee after relocation, how would her overall tax burden change in terms of state level income tax (Chen is single) and LLC-related costs? Are there any ways to optimize Tennessee LLC related costs to make the relocation more financially worthwhile?",,1,288348,0.27499,288348,.pdf,documents/1189/Franchise Tax Computation.pdf,886,141,10,5,5,0,Extraction (recall);Reasoning,"tool_assisted_daytona|gpt-5.4|gen_reasoning=xhigh|judge=gpt-5.4|judge_reasoning=medium|gen_prompt=57a58174bc2d|grade_prompt=904586ccc2fa|budget=steps=100,tools=200",tool_assisted_daytona,gpt-5.4,xhigh,medium,gpt-5.4,medium,low,57a58174bc2d6ed7d22ea962a711b421e4fc8464ce3237b13bde86406342c507,904586ccc2fa588551a8b34a623ca76582f462aa96e85cba6e21d88a33f2012a,"steps=100,tools=200",10.3333,list_files; read_file; find_in_files; python_exec; write_file,openai_api_pricing_2026-03-30,3,3,0,0.0,63.3333,0.372696,0.087089,0.459785,,,3.5,525.0,-0.459785,2026-04-07T06:33:18.979342+00:00,legal_next10_xhigh_20260406
1226,Legal,Apex,apex_public_v1_extended_train,Junior Commercial Contracts Associate,"Prepare a risk memo for a Virginia logistics company that has been asked to crate, label, insure, and ship a sensitive university prototype to Dubai. The key inputs are the mixed regulatory packet on export controls, hazardous materials, plant-product shipping, and Virginia public-university contracting constraints.","A strong answer identifies the main contractual and regulatory risks created by the proposed shipment, ties those risks to the attached authorities, and translates them into concrete deal terms or conditions the company should require before moving forward. It should separate issues the company can control contractually from issues that need customer representations, compliance review, or outside approvals.",8,551379,0.525836,147704,.pdf,documents/1226/15 CFR 734.15.pdf;documents/1226/15 CFR 758.1.pdf;documents/1226/15 CFR 772.1.pdf;documents/1226/15CFR758.3.pdf;documents/1226/49 CFR 172.204.pdf;documents/1226/49 CFR 173.185.pdf;documents/1226/7 CFR 319.40-3.pdf;documents/1226/Va._Code_2.2-1837.pdf,1851,257,12,10,2,11,Extraction (recall);Reasoning,"tool_assisted_daytona|gpt-5.4|gen_reasoning=medium|judge=gpt-5.4|judge_reasoning=medium|gen_prompt=57a58174bc2d|grade_prompt=904586ccc2fa|budget=steps=100,tools=200",tool_assisted_daytona,gpt-5.4,medium,medium,gpt-5.4,medium,low,57a58174bc2d6ed7d22ea962a711b421e4fc8464ce3237b13bde86406342c507,904586ccc2fa588551a8b34a623ca76582f462aa96e85cba6e21d88a33f2012a,"steps=100,tools=200",12.0,list_files; read_file; write_file; read_best_matches; find_in_files,openai_api_pricing_2026-03-30,3,3,0,0.0,38.8889,0.456929,0.272063,0.878992,,,3.5,525.0,-0.878992,2026-04-02T03:55:17.245189+00:00,legal_next3_medium_20260401
1226,Legal,Apex,apex_public_v1_extended_train,Junior Commercial Contracts Associate,"Prepare a risk memo for a Virginia logistics company that has been asked to crate, label, insure, and ship a sensitive university prototype to Dubai. The key inputs are the mixed regulatory packet on export controls, hazardous materials, plant-product shipping, and Virginia public-university contracting constraints.","A strong answer identifies the main contractual and regulatory risks created by the proposed shipment, ties those risks to the attached authorities, and translates them into concrete deal terms or conditions the company should require before moving forward. It should separate issues the company can control contractually from issues that need customer representations, compliance review, or outside approvals.",8,551379,0.525836,147704,.pdf,documents/1226/15 CFR 734.15.pdf;documents/1226/15 CFR 758.1.pdf;documents/1226/15 CFR 772.1.pdf;documents/1226/15CFR758.3.pdf;documents/1226/49 CFR 172.204.pdf;documents/1226/49 CFR 173.185.pdf;documents/1226/7 CFR 319.40-3.pdf;documents/1226/Va._Code_2.2-1837.pdf,1851,257,12,10,2,11,Extraction (recall);Reasoning,"tool_assisted_daytona|gpt-5.4|gen_reasoning=xhigh|judge=gpt-5.4|judge_reasoning=medium|gen_prompt=57a58174bc2d|grade_prompt=904586ccc2fa|budget=steps=100,tools=200",tool_assisted_daytona,gpt-5.4,xhigh,medium,gpt-5.4,medium,low,57a58174bc2d6ed7d22ea962a711b421e4fc8464ce3237b13bde86406342c507,904586ccc2fa588551a8b34a623ca76582f462aa96e85cba6e21d88a33f2012a,"steps=100,tools=200",20.6667,list_files; read_file; read_best_matches; find_in_files; write_file; python_exec,openai_api_pricing_2026-03-30,3,3,0,0.0,58.3333,1.158834,0.349458,1.508291,,,3.5,525.0,-1.508291,2026-04-02T05:07:52.036518+00:00,legal_next3_xhigh_20260401
1230,Legal,Apex,apex_public_v1_extended_train,Junior Litigation Associate,"Draft a settlement-prep memo for a property owner facing eleven nearly identical Florida HOA lawsuits, with a focus on attorney's-fees exposure and opposing counsel's conduct. The key inputs are the detailed litigation history in the prompt and the attached Florida fee-shifting and bar-ethics authorities.","A strong memo separates the fee-recovery analysis from the ethics analysis, applies the attached cases and ethics opinion to the repeated complaints and billing practices, and distinguishes weak complaints from actual sanctionable conduct. It should also explain whether and how the client's lawyer can raise the conduct during the settlement conference or through a separate channel afterward.",3,2948081,2.811509,2134010,.pdf,"documents/1230/COFFEY GARCIA v. SOUTH MIAMI HOSPITAL INC (2016) _ FindLaw.pdf;documents/1230/FL-Bar-Ethics-Op-60-33-2.pdf;documents/1230/Machado v. Da Vittorio, LLC, No. 1_2009cv23069 - Document 74 (S.D. Fla. 2010) __ Justia.pdf",5239,843,8,8,0,8,Extraction (recall);Reasoning,"tool_assisted_daytona|gpt-5.4|gen_reasoning=medium|judge=gpt-5.4|judge_reasoning=medium|gen_prompt=a69d29676ca1|grade_prompt=904586ccc2fa|budget=steps=100,tools=200",tool_assisted_daytona,gpt-5.4,medium,medium,gpt-5.4,medium,low,a69d29676ca1395b4415ab24f9c245c042cca72e8591b4b5db0bc2d37518a791,904586ccc2fa588551a8b34a623ca76582f462aa96e85cba6e21d88a33f2012a,"steps=100,tools=200",9.3333,list_files; read_file; find_in_files; write_file,openai_api_pricing_2026-03-30,3,3,0,0.0,62.5,0.299405,0.124158,0.423563,,,3.5,525.0,-0.423563,2026-04-01T22:39:57.058296+00:00,legal_task1230_medium_localworkspace_v3
1230,Legal,Apex,apex_public_v1_extended_train,Junior Litigation Associate,"Draft a settlement-prep memo for a property owner facing eleven nearly identical Florida HOA lawsuits, with a focus on attorney's-fees exposure and opposing counsel's conduct. The key inputs are the detailed litigation history in the prompt and the attached Florida fee-shifting and bar-ethics authorities.","A strong memo separates the fee-recovery analysis from the ethics analysis, applies the attached cases and ethics opinion to the repeated complaints and billing practices, and distinguishes weak complaints from actual sanctionable conduct. It should also explain whether and how the client's lawyer can raise the conduct during the settlement conference or through a separate channel afterward.",3,2948081,2.811509,2134010,.pdf,"documents/1230/COFFEY GARCIA v. SOUTH MIAMI HOSPITAL INC (2016) _ FindLaw.pdf;documents/1230/FL-Bar-Ethics-Op-60-33-2.pdf;documents/1230/Machado v. Da Vittorio, LLC, No. 1_2009cv23069 - Document 74 (S.D. Fla. 2010) __ Justia.pdf",5239,843,8,8,0,8,Extraction (recall);Reasoning,"tool_assisted_daytona|gpt-5.4|gen_reasoning=xhigh|judge=gpt-5.4|judge_reasoning=medium|gen_prompt=a69d29676ca1|grade_prompt=904586ccc2fa|budget=steps=24,tools=48",tool_assisted_daytona,gpt-5.4,xhigh,medium,gpt-5.4,medium,low,a69d29676ca1395b4415ab24f9c245c042cca72e8591b4b5db0bc2d37518a791,904586ccc2fa588551a8b34a623ca76582f462aa96e85cba6e21d88a33f2012a,"steps=24,tools=48",15.6667,list_files; read_file; find_in_files; write_file,openai_api_pricing_2026-03-30,3,3,0,0.0,62.5,0.64597,0.140278,0.786249,,,3.5,525.0,-0.786249,2026-04-01T21:24:45.186791+00:00,legal_task1230_xhigh_localworkspace_v2
1246,Legal,Apex,apex_public_v1_extended_train,,"Erika lives with her roommate and their two dogs in a condo next to a community park owned by the local parks district in a suburb in Southern California. The park has tennis courts, a basketball court, picnic tables, and a large grassy area informally known as the “dog meadow.” Although numerous posted signs state that dogs must remain leashed, the rule is rarely enforced, and the community has long treated the meadow as an off-leash area. For years, Erika and several neighbors have met at the meadow after work to let their dogs run and to enjoy “happy hour,” bringing food and drinks to share. At one point, the group informally collected small donations to cover snacks, though no one considered it a business. After a neighbor joked that they should have a real bar, Erika found an old ice cream cart online, painted “Erika’s Place” on it, and stocked it with beer and wine she purchased at a local store. She began bringing it to the park on Fridays, offering drinks to her usual group of friends and asking for small “tips” to cover costs. Word spread, and soon unfamiliar park-goers began approaching the cart. Some parents at the nearby playground complained to the city about off-leash dogs and “a woman selling alcohol to strangers in the park.” An undercover officer from the city police’s community enforcement unit arrived one Friday afternoon. He chatted with Erika, asked if she was “selling,” and offered her $20 for a beer. Erika initially said, “I don’t sell them, I just accept donations,” but he insisted, and then said, ""How about $50?"" Erika took the money. The officer cited her for violating the city’s open container ordinance, unlicensed sale of alcohol, and operation of an unpermitted business on public land. He also cited her and several dog owners for violating the leash law. Erika argues that she was entrapped, that she was merely engaging in social hospitality among friends, and that the park’s “accepted practice” of off-leash play amounts to implied consent by the city. She also claims selective enforcement because the police ignored a nearby yoga group that routinely brings wine to evening classes at the same park. Erika wants to challenge the charges - what are her available defenses, and what is the likelihood of success for each? Please refer to the included files to draft the response.",,8,1009758,0.96298,280092,.pdf,documents/1246/BPC_23025.pdf;documents/1246/BPC_25607.pdf;documents/1246/BPC_25620.pdf;documents/1246/BUS_23300_23301.pdf;documents/1246/City of Long Beach v. Mansell.pdf;documents/1246/GOV_51039.pdf;documents/1246/PEN_597.1.pdf;documents/1246/People v. Barraza.pdf,2349,398,7,7,0,7,Extraction (recall);Reasoning,"tool_assisted_daytona|gpt-5.4|gen_reasoning=xhigh|judge=gpt-5.4|judge_reasoning=medium|gen_prompt=57a58174bc2d|grade_prompt=904586ccc2fa|budget=steps=100,tools=200",tool_assisted_daytona,gpt-5.4,xhigh,medium,gpt-5.4,medium,low,57a58174bc2d6ed7d22ea962a711b421e4fc8464ce3237b13bde86406342c507,904586ccc2fa588551a8b34a623ca76582f462aa96e85cba6e21d88a33f2012a,"steps=100,tools=200",22.0,list_files; read_file; read_best_matches; find_in_files; write_file,openai_api_pricing_2026-03-30,3,3,0,0.0,52.381,0.672174,0.086898,0.974072,,,3.5,525.0,-0.974072,2026-04-07T07:03:03.141972+00:00,legal_next10_xhigh_20260406
1318,Legal,Apex,apex_public_v1_extended_train,,"Jenn Castro has been one of the firm’s clients for Supplemental Security Income (SSI) benefits since September 2023 when she had a car accident. The Social Security Administration (SSA) denied her Request for Reconsideration in February 2025, and Ms. Castro appealed that decision. She requested a hearing before the Administrative Law Judge (ALJ), which is scheduled to take place in 3 weeks. Until this morning, the firm last heard from Ms. Castro in February 2025. She sent an email to the firm this morning with updates regarding her case. One of the attachments to Ms. Castro’s email was a new medical opinion statement from her neurosurgeon, Jacob Star. The other attachment includes the 2024 and 2025 updates to Ms. Castro’s work and earnings history. One of the firm’s paralegals added this new evidence to Ms. Castro’s case file. Utilizing “Jenn Castro Case File.pdf” and applicable law, draft an internal memorandum that determines whether Ms. Castro is entitled to SSI benefits.",,1,259319,0.247306,259319,.pdf,documents/1318/Jenn Castro Case File.pdf,991,160,6,6,0,6,Extraction (recall);Reasoning,"tool_assisted_daytona|gpt-5.4|gen_reasoning=xhigh|judge=gpt-5.4|judge_reasoning=medium|gen_prompt=57a58174bc2d|grade_prompt=904586ccc2fa|budget=steps=100,tools=200",tool_assisted_daytona,gpt-5.4,xhigh,medium,gpt-5.4,medium,low,57a58174bc2d6ed7d22ea962a711b421e4fc8464ce3237b13bde86406342c507,904586ccc2fa588551a8b34a623ca76582f462aa96e85cba6e21d88a33f2012a,"steps=100,tools=200",9.3333,list_files; read_file; find_in_files; python_exec; write_file,openai_api_pricing_2026-03-30,3,3,0,0.0,77.7778,0.451873,0.082157,0.574031,,,3.5,525.0,-0.574031,2026-04-07T07:28:14.025483+00:00,legal_next10_xhigh_20260406
1319,Legal,Apex,apex_public_v1_extended_train,,"The client is a Virginia-based sanitation services contractor (""Company"") that provides portable restroom and hand-wash station rentals for outdoor events, including county fairs, athletic tournaments, and construction sites. Company has been selected as the exclusive sanitation vendor for a five-day outdoor music festival (""Festival"") to be held on county-leased farmland in Virginia that will host approximately 25,000 attendees per day (""Venue""). Under the proposed form sent to Company by the event promoter (""Promoter""), Company will deliver, service, and remove all portable units, including ADA-accessible restrooms, luxury restroom trailers, and hand-wash stations (collectively ""Units""), in accordance with the Festival's layout plan (""Plan""). Promoter will pay a flat service fee and reimburse certain variable expenses such as pump-out trips, graywater disposal, and overnight labor. However, Promoter's proposed form contract doesn't allocate risk for spills, vandalism, or hazardous waste found in Units. Also, it requires Company to provide ""continuous service"" without defining staffing or access terms, and it includes an indemnity clause that appears to shift all third-party injury and environmental liability to Company. Promoter also insists that all onsite personnel sign its ""Volunteer and Contractor Safety Policy,"" which contains conflicting insurance requirements and waiver language. Company wants to move forward with the relationship. However, it is concerned about protecting its commercial viability, maintaining compliance with sanitation and environmental regulations, and avoiding liability for conditions or conduct outside its control. To that end, prepare an agreement (""Agreement"") that resolves the risks clearly implied by the facts and provides Company with appropriate protection against regulatory, operational, and liability exposure, while ensuring the arrangement remains commercially workable and enforceable under applicable law. Consider the attached document.",,1,78762,0.075113,78762,.pdf,documents/1319/VA § 6.2-302.pdf,2012,271,12,9,3,11,Extraction (recall);Reasoning,"tool_assisted_daytona|gpt-5.4|gen_reasoning=xhigh|judge=gpt-5.4|judge_reasoning=medium|gen_prompt=57a58174bc2d|grade_prompt=904586ccc2fa|budget=steps=100,tools=200",tool_assisted_daytona,gpt-5.4,xhigh,medium,gpt-5.4,medium,low,57a58174bc2d6ed7d22ea962a711b421e4fc8464ce3237b13bde86406342c507,904586ccc2fa588551a8b34a623ca76582f462aa96e85cba6e21d88a33f2012a,"steps=100,tools=200",5.3333,list_files; read_file; python_exec,openai_api_pricing_2026-03-30,3,1,1,0.3333,91.6667,0.325866,0.117881,0.443747,1.142168,1.33124,3.5,525.0,174.556253,2026-04-07T23:10:16.314627+00:00,legal_remaining9_xhigh_20260407
1323,Legal,Apex,apex_public_v1_extended_train,,"On October 20, 2025, in Vista, California, Beatrice Restrepo, aged 21, parked in front of the apartment complex where her girlfriend, Sherranda Ricard, aged 27, was living. Ms. Restrepo and Ms. Ricard had recently had a heated argument during which both parties threatened to break up with the other. Ms. Restrepo knew that Ms. Ricard kept a photo of them on her nightstand. The photo, which Ms. Restrepo had taken using her own polaroid camera, depicted the two of them laughing while Ms. Ricard playfully pushed soft serve ice cream against Ms. Restrepo's cheek. On the back, Ms. Restrepo had written the words ""yours forever."" Desperate to save their relationship, Ms. Restrepo had written in her journal, ""I'm gonna burn that photo and see what S does. Maybe there's some fire left in her heart we'll see."" Ms. Restrepo put a cigarette lighter into her pocket, got out of the car, and walked up to Ms. Ricard's front door. Using the key Ms. Ricard had given her, Ms. Restrepo opened the front door and walked quietly into the bedroom. She grabbed the photograph, lit it on fire, and then walked toward the bathroom to toss the burning photograph into the bathtub, where she hoped Ms. Ricard would later find it. The photograph began burning more quickly than expected, so Ms. Restrepo rushed down the hallway, threw open the bathroom door, and threw the burning photograph into the tub. The burning photograph struck Ms. Ricard, who was bathing with headphones on, briefly against the back of her neck, leaving a very minor burn that required no medical attention and was completely healed within one day. Livid, Ms. Ricard called the police and had Ms. Restrepo arrested. Ms. Ricard told the police she was ""done"" with Ms. Restrepo and she wanted her punished ""to the fullest extent of the law."" The San Diego County District Attorney has received the police report and is currently weighing charges against Ms. Restrepo. The District Attorney prioritizes the express wishes of victims and wants to determine the most serious charge she could bring against Ms. Ricard. Using the attached document, write a memorandum to the District Attorney advising: (1) what is the most serious charge she could bring against Ms. Restrepo, including any applicable enhancements or special allegations that could attach to the charge? (2) how strong is the prosecution's case for the charge (and any applicable enhancements or special allegations) described in (1)? (3) if convicted of the charge described in (1) (along with any applicable enhancements or special allegations), what is the maximum amount of actual custody time Ms. Restrepo may face? In the answer to question (3), assume the defendant will be awarded all applicable custody credits.",,1,231569,0.220841,231569,.pdf,documents/1323/CA PEN § 459.pdf,2751,454,14,5,9,9,Extraction (recall);Reasoning,"tool_assisted_daytona|gpt-5.4|gen_reasoning=xhigh|judge=gpt-5.4|judge_reasoning=medium|gen_prompt=57a58174bc2d|grade_prompt=904586ccc2fa|budget=steps=100,tools=200",tool_assisted_daytona,gpt-5.4,xhigh,medium,gpt-5.4,medium,low,57a58174bc2d6ed7d22ea962a711b421e4fc8464ce3237b13bde86406342c507,904586ccc2fa588551a8b34a623ca76582f462aa96e85cba6e21d88a33f2012a,"steps=100,tools=200",7.6667,read_file; list_files; python_exec; write_file; find_in_files,openai_api_pricing_2026-03-30,3,3,1,0.3333,90.4762,0.411231,0.11884,0.535071,0.566207,1.605214,3.5,525.0,174.464929,2026-04-07T23:32:40.079480+00:00,legal_remaining9_xhigh_20260407
1346,Legal,Apex,apex_public_v1_extended_train,,"On October 19th, 2024, our client, Gerald Jefferson, aged 54, was found guilty of a violation of Penal Code (PC) section 415(2), as an infraction, based on his causing a disturbance in the Okee-Dokee convenience store located in Ashland, California. Okee-Dokee is owned and operated by Veronica Pugh. The day before the court hearing, Ms. Pugh had asked the Ashland Police to inform Mr. Jefferson that the Okee-Dokee was not open to him. At the court hearing, Ashland Police Officer Sarah Biscayne informed Mr. Jefferson that, at the request of Ms. Pugh, the Okee-Dokee was not open to him. Mr. Jefferson replied, ""Yeah whatever,"" before exiting the courthouse. On October 21st, 2025, Mr. Jefferson entered Okee-Dokee and began perusing the baked goods section. Ms. Pugh called the Ashland police and the police arrested Mr. Jefferson at Ms. Pugh's request. Ms. Pugh wants Mr. Jefferson charged for trespassing. Mr. Jefferson has requested our assistance. Using the attached file, please draft a client advisement letter informing Mr. Jefferson of his potential criminal liability, under applicable state law, for trespassing. Your letter should identify and apply each element of the crime.",,1,251229,0.239591,251229,.pdf,documents/1346/California Penal Code 602.pdf,1195,188,11,6,5,10,Extraction (recall);Reasoning,"tool_assisted_daytona|gpt-5.4|gen_reasoning=xhigh|judge=gpt-5.4|judge_reasoning=medium|gen_prompt=57a58174bc2d|grade_prompt=904586ccc2fa|budget=steps=100,tools=200",tool_assisted_daytona,gpt-5.4,xhigh,medium,gpt-5.4,medium,low,57a58174bc2d6ed7d22ea962a711b421e4fc8464ce3237b13bde86406342c507,904586ccc2fa588551a8b34a623ca76582f462aa96e85cba6e21d88a33f2012a,"steps=100,tools=200",8.0,list_files; read_file; python_exec; write_file; read_best_matches,openai_api_pricing_2026-03-30,3,3,0,0.0,90.9091,0.298763,0.094657,0.42342,,,3.5,525.0,-0.42342,2026-04-07T23:46:31.748354+00:00,legal_remaining9_xhigh_20260407
1361,Legal,Apex,apex_public_v1_extended_train,,"Our client, BackUp, is a boutique IT services firm specializing in backup and disaster recovery. On March 10, 2024, BackUp agreed with ReGrid Renewables, a seller and refurbisher of hardware, to purchase five refurbished rack servers for use as primary backup servers for a new law firm client. BackUp's purchase order (""PO"") stated, ""Servers shall be enterprise-grade, fully tested, 128 GB RAM, and suitable for hosting encrypted backups."" BackUp also said in the PO, ""We require reliable hardware, as we host client data. Please advise if any units have known defects or have experienced prior data issues."" A ReGrid Renewables sales manager responded by email on March 11, 2024, stating, ""We have the 5 servers, fully tested, enterprise-grade, and suitable for backups. We stand behind these units for production use, and I'll include a 30-day parts-and-labor warranty for ease of mind."" ReGrid Renewables attached a one-page invoice listing the model, serial number, and price. At the bottom of the page, additional terms were printed in small, 10-point font below the logo. The text read ""All sales are final and all items are sold 'as is'. Seller disclaims all warranties, express or implied."" BackUp responded ""ok"" and wired the payment to ReGrid Renewables the same day. Within two weeks of installing and hosting encrypted backups for BackUp's client, one of the servers repeatedly failed in a specific control function, resulting in silent data corruption for several days. BackUp did not detect this corruption immediately, and weeks later, the client lost access to several months of encrypted backup data. The client lost many billable hours, missed court deadlines due to the lost data, and suffered reputational harm as a result. BackUp performed further tests and discovered that two of the five servers had been shipped with refurbished drives that were not fully scrubbed, leaving residual data fragments, indicating poor refurbishment. The client has initiated action against BackUp, who has now inquired whether they could recover from ReGrid Renewables if the client is successful in the suit. Using the attached document, prepare a legal memorandum analyzing the rights and obligations of the parties under UCC principles.",,1,227743,0.217193,227743,.pdf,documents/1361/UCC Article 2.pdf,2247,353,12,6,6,12,Extraction (recall);Reasoning,"tool_assisted_daytona|gpt-5.4|gen_reasoning=xhigh|judge=gpt-5.4|judge_reasoning=medium|gen_prompt=57a58174bc2d|grade_prompt=904586ccc2fa|budget=steps=100,tools=200",tool_assisted_daytona,gpt-5.4,xhigh,medium,gpt-5.4,medium,low,57a58174bc2d6ed7d22ea962a711b421e4fc8464ce3237b13bde86406342c507,904586ccc2fa588551a8b34a623ca76582f462aa96e85cba6e21d88a33f2012a,"steps=100,tools=200",25.6667,list_files; read_best_matches; find_in_files; read_file; write_file,openai_api_pricing_2026-03-30,3,3,1,0.3333,77.7778,1.053043,0.19945,1.502493,1.646065,4.507479,3.5,525.0,173.497507,2026-04-08T00:16:45.431352+00:00,legal_remaining9_xhigh_20260407
1366,Legal,Apex,apex_public_v1_extended_train,,"Angela Brown was driving home from college on July 5, 2025 in Andover, Connecticut, when her vehicle was struck by a semi-truck. The semi-truck was owned by our client, Acme Trucking, and was operated by Acme Trucking's employee Winston Smith. Mr. Smith did not see the stop sign, went through the intersection and t-boned Ms. Brown's vehicle. The intersecting road was 2 lanes in each direction and Mr. Smith crossed three lanes prior to striking Ms. Brown's vehicle. Ms. Brown stated she never saw the semi-truck prior to impact and she took no evasive actions. Ms. Brown sustained a cervical strain/sprain, a concussion, and a sprained wrist. She was initially treated at Memorial Hospital and was released the same day, with the physicians requiring rest for one week, a wrist-splint, and 8 weeks of physical therapy. She treated with a physical therapist three times a week for 8 weeks. The medical bills incurred included the following: EMT Ambulance - $1,000. Memorial Hospital - $20,000. Physical Therapy - $24,000. EMT Ambulance wrote-off $500 of the balance voluntarily. The remaining balance of $500 for EMT Ambulance was paid by Ms. Brown's health insurance provider Memorial Hospital wrote-off $10,000 of the balance. Additionally, $6,500 was reduced by contractual agreements with Ms. Brown's insurer. The remaining balance of $4,500 was paid by Ms. Brown's health insurance provider. Physical Therapy reduced the bill per prior contractual rates with Ms. Brown's insurance company to $10,000. The outstanding balance was paid by Ms. Brown's health insurance provider. Ms. Brown missed five days of work as a paralegal, totaling $2,000 in lost wages. Ms. Brown's attorney has submitted a demand package claiming $45,000 in medical expenses, $2,000 in lost wages, and $60,000 in pain and suffering. Please provide a legal memorandum, taking into consideration the documents attached, evaluating the liability and potential defenses available to Acme Trucking and Winston Smith, and summarizing the potential economic damages that Ms. Brown can recover. Please do not provide an analysis on the noneconomic damages.",,9,900932,0.859196,217559,.pdf,documents/1366/1366_Alvarado v. Black.pdf;documents/1366/1366_Hassett v. City of New Haven.pdf;documents/1366/1366_Jones v. Kramer.pdf;documents/1366/1366_Marciano v. Jimenez.pdf;documents/1366/Ct. Gen. Stat. 14-301.pdf;documents/1366/Ct. Gen. Stat. 52-183.pdf;documents/1366/Ct. Gen. Stat. 52-225a.pdf;documents/1366/Ct. Gen. Stat. 52-225b.pdf;documents/1366/Ct. Gen. Stat. 52-572h.pdf,2152,333,8,7,1,8,Extraction (recall);Reasoning,"tool_assisted_daytona|gpt-5.4|gen_reasoning=xhigh|judge=gpt-5.4|judge_reasoning=medium|gen_prompt=57a58174bc2d|grade_prompt=904586ccc2fa|budget=steps=100,tools=200",tool_assisted_daytona,gpt-5.4,xhigh,medium,gpt-5.4,medium,low,57a58174bc2d6ed7d22ea962a711b421e4fc8464ce3237b13bde86406342c507,904586ccc2fa588551a8b34a623ca76582f462aa96e85cba6e21d88a33f2012a,"steps=100,tools=200",25.3333,list_files; read_file; read_best_matches; find_in_files; python_exec; write_file,openai_api_pricing_2026-03-30,3,3,3,1.0,95.8333,0.68579,0.112046,0.937836,0.937836,0.937836,3.5,525.0,524.062164,2026-04-08T00:42:22.753292+00:00,legal_remaining9_xhigh_20260407
1367,Legal,Apex,apex_public_v1_extended_train,,"The client is a Virginia biotechnology company (""Company"") that develops proprietary hemp seed genetics used in producing low-THC varieties grown for extraction into concentrates for wellness and industrial products. Two years ago, Company's founder began dating a public figure (""Friend"") active in the cannabis industry who had expressed interest in growing industrial hemp. A few months into their relationship, the couple split, and several hemp plants containing Company's proprietary genetics (""Genetics"") went missing from an off-site experimental greenhouse in Virginia (""Greenhouse"") known only to Company's founder and Friend. Six months later, Friend began publicly promoting a ""new"" low-THC variety (""New Genetics"") exhibiting multiple traits identical to those of the missing plants. Following informal communications, Company accused Friend of commercializing the strain under a new trade name and distributing derivative seed stock. Friend denies any infringement, asserting that the underlying genome originated from its own parental lines and that no agreements ever existed between them. Both sides now wish to resolve the dispute privately to avoid litigation and preserve the option of future collaboration. Friend has proposed entering into an agreement under which it will make a lump-sum payment to Company and pay continuing royalties tied to net seed sales for a limited period. Company has agreed in principle but insists that any release exclude regulatory or tax penalties and that it retain audit rights over Friend's production data. To that end, the agreement should preserve Company's commercial interests, define each party's continuing rights to the disputed material, and ensure that any future use or disclosure occurs under clear, enforceable terms. Prepare an agreement (""Agreement"") that resolves the risks clearly implied by these facts and provides Company with protection against operational, regulatory, and liability exposure, while ensuring the arrangement remains commercially workable and enforceable under applicable law, including Va. Code § 3.2-4115(A) (attached as ""4115A.pdf"").",,1,21371,0.020381,21371,.pdf,documents/1367/4115A.pdf,2131,304,17,13,4,13,Extraction (recall);Reasoning,"tool_assisted_daytona|gpt-5.4|gen_reasoning=xhigh|judge=gpt-5.4|judge_reasoning=medium|gen_prompt=57a58174bc2d|grade_prompt=904586ccc2fa|budget=steps=100,tools=200",tool_assisted_daytona,gpt-5.4,xhigh,medium,gpt-5.4,medium,low,57a58174bc2d6ed7d22ea962a711b421e4fc8464ce3237b13bde86406342c507,904586ccc2fa588551a8b34a623ca76582f462aa96e85cba6e21d88a33f2012a,"steps=100,tools=200",0.0,,openai_api_pricing_2026-03-30,3,0,0,0.0,0.0,0.0,0.0,0.01,,,3.5,525.0,-0.01,2026-04-08T01:22:24.416293+00:00,legal_remaining9_xhigh_20260407
1371,Legal,Apex,apex_public_v1_extended_train,Junior Criminal Associate,Assess what Virginia criminal exposure follows from an armed bank robbery in which the robber terrorized bank employees and forced a customer to the floor at gunpoint. The key inputs are the detailed fact pattern and the attached Virginia kidnapping and abduction authorities.,"A strong memo maps the facts to the charged or likely offenses under the cited Virginia authorities, especially the line between robbery conduct and separately punishable abduction. It should explain which restraints or movements are merely incidental to the robbery and which facts support an additional abduction count.",5,1119513,1.067651,339354,.pdf,documents/1371/1371_Cardwell v. Commonwealth_248 Va. 501.pdf;documents/1371/1371_Hoyt v. Commonwealth_44 Va. App. 489 (1).pdf;documents/1371/1371_Pritchard v. Commonwealth_225 Va. 559.pdf;documents/1371/1371_Walker v. Commonwealth_74 Va. App. 475.pdf;documents/1371/Va. Code Ann. _ 18.2-47.pdf,1952,362,15,7,8,13,Extraction (recall);Reasoning,"tool_assisted_daytona|gpt-5.4|gen_reasoning=medium|judge=gpt-5.4|judge_reasoning=medium|gen_prompt=57a58174bc2d|grade_prompt=904586ccc2fa|budget=steps=100,tools=200",tool_assisted_daytona,gpt-5.4,medium,medium,gpt-5.4,medium,low,57a58174bc2d6ed7d22ea962a711b421e4fc8464ce3237b13bde86406342c507,904586ccc2fa588551a8b34a623ca76582f462aa96e85cba6e21d88a33f2012a,"steps=100,tools=200",15.0,list_files; read_file; read_best_matches; find_in_files; write_file,openai_api_pricing_2026-03-30,3,3,0,0.0,68.8889,0.293672,0.142485,0.676157,,,3.5,525.0,-0.676157,2026-04-02T04:09:14.052614+00:00,legal_next3_medium_20260401
1371,Legal,Apex,apex_public_v1_extended_train,Junior Criminal Associate,Assess what Virginia criminal exposure follows from an armed bank robbery in which the robber terrorized bank employees and forced a customer to the floor at gunpoint. The key inputs are the detailed fact pattern and the attached Virginia kidnapping and abduction authorities.,"A strong memo maps the facts to the charged or likely offenses under the cited Virginia authorities, especially the line between robbery conduct and separately punishable abduction. It should explain which restraints or movements are merely incidental to the robbery and which facts support an additional abduction count.",5,1119513,1.067651,339354,.pdf,documents/1371/1371_Cardwell v. Commonwealth_248 Va. 501.pdf;documents/1371/1371_Hoyt v. Commonwealth_44 Va. App. 489 (1).pdf;documents/1371/1371_Pritchard v. Commonwealth_225 Va. 559.pdf;documents/1371/1371_Walker v. Commonwealth_74 Va. App. 475.pdf;documents/1371/Va. Code Ann. _ 18.2-47.pdf,1952,362,15,7,8,13,Extraction (recall);Reasoning,"tool_assisted_daytona|gpt-5.4|gen_reasoning=xhigh|judge=gpt-5.4|judge_reasoning=medium|gen_prompt=57a58174bc2d|grade_prompt=904586ccc2fa|budget=steps=100,tools=200",tool_assisted_daytona,gpt-5.4,xhigh,medium,gpt-5.4,medium,low,57a58174bc2d6ed7d22ea962a711b421e4fc8464ce3237b13bde86406342c507,904586ccc2fa588551a8b34a623ca76582f462aa96e85cba6e21d88a33f2012a,"steps=100,tools=200",23.0,list_files; read_file; read_best_matches; find_in_files; write_file,openai_api_pricing_2026-03-30,3,3,0,0.0,77.7778,0.628768,0.159647,0.788415,,,3.5,525.0,-0.788415,2026-04-02T05:32:06.654841+00:00,legal_next3_xhigh_20260401
1382,Legal,Apex,apex_public_v1_extended_train,,"Belgium and Spain are both Contracting Parties to the attached “Convention on Conduct of Fishing Operations in the North Atlantic” (the “Convention”). Authorized officers from Belgium, upon seeing that lines anchored into the sea were not marked, identified and approached a Spanish vessel in order to request information about the vessel. The Spanish officers on board refused to cooperate with the Belgian officers. The Belgian officers then reported the Spanish vessel to a review board and argued that by refusing to cooperate, the Spanish officers on board further violated Spain's obligations under the Convention. Considering the attached document, draft an advisory email to Spain, explaining what the review board will likely decide.",,1,345851,0.329829,345851,.pdf,documents/1382/Convention on Conduct of Fishing Operations in the North Atlantic.pdf,742,112,8,8,0,8,Extraction (recall);Reasoning,"tool_assisted_daytona|gpt-5.4|gen_reasoning=xhigh|judge=gpt-5.4|judge_reasoning=medium|gen_prompt=57a58174bc2d|grade_prompt=904586ccc2fa|budget=steps=100,tools=200",tool_assisted_daytona,gpt-5.4,xhigh,medium,gpt-5.4,medium,low,57a58174bc2d6ed7d22ea962a711b421e4fc8464ce3237b13bde86406342c507,904586ccc2fa588551a8b34a623ca76582f462aa96e85cba6e21d88a33f2012a,"steps=100,tools=200",16.3333,list_files; read_file; find_in_files; read_best_matches; write_file,openai_api_pricing_2026-03-30,3,3,0,0.0,75.0,0.312308,0.048915,0.486223,,,3.5,525.0,-0.486223,2026-04-08T01:34:47.809675+00:00,legal_remaining9_xhigh_20260407
1398,Legal,Apex,apex_public_v1_extended_train,,"Lily Strum is a potential client with a pending claim for Social Security Disability Insurance (SSDI) Benefits. Without the help of an attorney, Ms. Strum submitted an Initial Application as well as a Request for Reconsideration. The Social Security Administration (SSA) denied both, and Ms. Strum has appealed again. After speaking with a former client, Ms. Strum has contacted the firm in the hopes that the firm will assist with her appeal. Ms. Strum has provided the firm with her Case File entitled “Lily Strum Case File.pdf.” The contents of her Case File have been shared with the SSA. Ms. Strum has also provided the firm with a recent Medical Opinion Statement from Dr. Michael Jenkins that the SSA has never reviewed. She intends to file it with her appeal. Using the attached documents and applicable law, write an email to the Supervising Partner about Ms. Strum’s case. The email must discuss the five-step sequential evaluation process and determine whether the SSA will find Ms. Strum disabled.",,2,337683,0.32204,194481,.pdf,documents/1398/Lily Strum Case File.pdf;documents/1398/Lily Strum Medical Opinion Statement.pdf,1010,167,9,6,3,6,Extraction (recall);Reasoning,"tool_assisted_daytona|gpt-5.4|gen_reasoning=xhigh|judge=gpt-5.4|judge_reasoning=medium|gen_prompt=57a58174bc2d|grade_prompt=904586ccc2fa|budget=steps=100,tools=200",tool_assisted_daytona,gpt-5.4,xhigh,medium,gpt-5.4,medium,low,57a58174bc2d6ed7d22ea962a711b421e4fc8464ce3237b13bde86406342c507,904586ccc2fa588551a8b34a623ca76582f462aa96e85cba6e21d88a33f2012a,"steps=100,tools=200",8.3333,list_files; read_file; write_file; python_exec,openai_api_pricing_2026-03-30,3,3,0,0.0,70.3704,0.393755,0.084845,0.5036,,,3.5,525.0,-0.5036,2026-04-08T01:53:21.651333+00:00,legal_remaining9_xhigh_20260407
1757,Legal,Apex,apex_public_v1_extended_train,,"Berry met with his attorney in 2015 and executed two wills. Berry wanted to make two so that in case one got lost, he’d still have the other for probate. Berry kept one in his NY apartment and the other at his vacation home in the Hamptons. Berry died in 2025. The executor of Berry’s estate found the will in the NY apartment, but did not find the one previously located in the Hamptons vacation home. Both the wills were identical and left half of Berry’s property to his son Jack and half to his daughter Jill, with nothing left to his other son Michael. Determine who will take Berry’s property based on these facts. Please consider the attached file in discussing your response.",,2,1273362,1.214373,1128484,.pdf,documents/1757/Crossman v. . Crossman .pdf;documents/1757/In re Lewis .pdf,683,124,9,9,0,8,Extraction (recall);Reasoning,"tool_assisted_daytona|gpt-5.4|gen_reasoning=xhigh|judge=gpt-5.4|judge_reasoning=medium|gen_prompt=57a58174bc2d|grade_prompt=904586ccc2fa|budget=steps=100,tools=200",tool_assisted_daytona,gpt-5.4,xhigh,medium,gpt-5.4,medium,low,57a58174bc2d6ed7d22ea962a711b421e4fc8464ce3237b13bde86406342c507,904586ccc2fa588551a8b34a623ca76582f462aa96e85cba6e21d88a33f2012a,"steps=100,tools=200",12.0,list_files; read_file; read_best_matches; write_file; find_in_files,openai_api_pricing_2026-03-30,3,3,0,0.0,88.8889,0.211202,0.044797,0.271,,,3.5,525.0,-0.271,2026-04-08T02:01:45.835504+00:00,legal_remaining9_xhigh_20260407
